_related_company_domain,categories,company_domain,contract_types,description,first_seen_at,id,language,last_processed_at,last_seen_at,location,location_data,normalized_title,onet_data,posted_at,recruiter_data,salary,salary_data,seniority,status,tags,title,translated_title,url
astra.co.id,"[""information_technology"", ""management""]",astra.co.id,"[""full_time""]","### Engineering Manager - ADMO

Information Technology

Profesional

Batas Lamar : 31 Desember 2026

Lowongan / Detail pekerjaan

### Engineering Manager - ADMO

PT Astra Digital Mobil

Information Technology

Profesional

Batas Lamar: 31 Desember 2026

### Deskripsi Pekerjaan

* Kepemimpinan dan Manajemen Tim: (1) Memberikan kepemimpinan, arahan, dan bimbingan kepada tim teknik; (2) Mengelola dan membimbing para insinyur, mendorong pertumbuhan karier dan pengembangan keterampilan; (3) Menumbuhkan budaya tim yang positif dan kolaboratif; (4) Melakukan pertemuan tatap muka, tinjauan kinerja, dan sesi penetapan tujuan dengan anggota tim secara berkala; (5) Menangani tugas administratif terkait tim seperti penjadwalan, alokasi sumber daya, dan penempatan staf.
* Manajemen Proyek dan Produk: (1) Berkolaborasi dengan manajer produk, desainer, dan pemangku kepentingan untuk menentukan cakupan, persyaratan, dan jadwal; (2) Merencanakan dan memprioritaskan proyek dan tugas teknik; (3) Memastikan penyelesaian proyek teknik yang tepat waktu dan berkualitas tinggi; (4) Memantau kemajuan proyek, mengidentifikasi dan menangani masalah atau risiko apa pun.
* Panduan Teknis dan Pengambilan Keputusan: (1) Memberikan keahlian dan panduan teknis kepada tim teknik; (2) Membuat keputusan teknis dan kompromi untuk memastikan keberhasilan proyek; (3) Tetap mengikuti perkembangan tren industri, praktik terbaik, dan teknologi yang sedang berkembang.
* Komunikasi dan Kolaborasi: (1) Memfasilitasi komunikasi dan kolaborasi dalam tim teknik dan lintas departemen lainnya; (2) Bertindak sebagai penghubung antara departemen teknik dan departemen lain, menyampaikan status proyek, tonggak sejarah, dan tantangan.
* Peningkatan Proses dan Operasi: (1) Terus meningkatkan proses teknik dan alur kerja untuk meningkatkan efisiensi dan produktivitas.; (2) Terapkan dan tegakkan praktik terbaik untuk pengembangan perangkat lunak, termasuk standar pengodean, tinjauan kode, dan praktik pengujian; (3) Identifikasi dan terapkan alat dan teknologi untuk merampingkan pengembangan dan operasi.
* Kolaborasi Lintas Fungsi: (1) Bekerja sama erat dengan departemen lain seperti manajemen produk, desain, dan devops untuk memastikan keselarasan dan koordinasi; (2) Berpartisipasi dalam inisiatif dan proyek lintas fungsi sesuai kebutuhan; (3) Mewakili tim teknik dalam rapat dan diskusi dengan departemen lain
* Manajemen Kinerja dan Akuntabilitas: (1) Tetapkan tujuan dan harapan kinerja yang jelas untuk tim teknik; (2) Minta pertanggungjawaban anggota tim atas kinerja dan perilaku mereka; (3) Tangani masalah dan konflik kinerja secara tepat waktu dan konstruktif; (4) Kenali dan berikan penghargaan kepada anggota tim atas kontribusi dan pencapaian mereka.
* Perencanaan dan Visi Strategis: (1) Berkontribusi pada pengembangan tujuan dan visi strategis tim teknik; (2) Menyelaraskan tujuan tim teknik dengan prioritas strategis perusahaan secara keseluruhan; (3) Memberikan masukan dan umpan balik tentang OKR/peta jalan produk dan teknologi.

### Persyaratan

* 9+ tahun pengalaman sebagai Software Engineer atau pemimpin yang memecahkan masalah pelanggan
* 3+ tahun pengalaman sebagai Manajer SDM yang telah memimpin dan mengembangkan tim teknik berkinerja tinggi.
* Gelar Sarjana, lebih disukai dalam Ilmu Komputer
* Pemahaman yang kuat tentang pemrograman berorientasi objek, konkurensi, dan dasar-dasar ilmu komputer.
* Keterampilan pemecahan masalah, struktur data, dan algoritma yang kuat.
* Anda suka membangun layanan yang tangguh, terukur, dan berkinerja.
* Anda bangga dengan pencapaian Anda, tetapi juga bertujuan untuk menjadi lebih baik setiap hari secara terus-menerus.
* Keterampilan teknis dan pemikiran kritis yang kuat, dan kemampuan untuk mengomunikasikan visi Anda pada tingkat tinggi kepada audiens teknis dan manajemen puncak
* Berpartisipasi dan berkontribusi dalam diskusi/keputusan arsitektur.
* Memiliki pengalaman dalam:
  + Java, XML, J SON, Junit, Scala / Kotlin, Algoritma, dll.
  + REST, Graph QL, Layanan Mikro
  + Apache Tomcat, Spring MVC, Spring Boot, Docker
  + AWS: EC2, S3, RDS. Kubernetes, Redis
  + Alat Pemantauan dan Pemberitahuan seperti New Relic dan PagerDuty.
* Bekerja dalam lingkungan yang serba cepat, datar, gesit, dan terdistribusi adalah pilihan Anda untuk terus mengembangkan karier Anda
",2026-08-27T19:05:13Z,06f3ce7b-0d67-4460-b524-949e67ac967e,en,2026-08-29T19:38:40Z,2026-08-27T19:32:02Z,,[],Engineering Manager,"{""code"": ""11-9041.00"", ""family"": ""Management"", ""occupation_name"": ""Architectural and Engineering Managers""}",,"{""name"": null, ""title"": null, ""contact"": null}",,"{""salary_low"": null, ""salary_high"": null, ""salary_currency"": null, ""salary_low_usd"": null, ""salary_high_usd"": null, ""salary_time_unit"": null}",manager,,[],Engineering Manager - ADMO,,https://career.astra.co.id/lowongan/lowongan-detail-page/14787/Engineering%20Manager%20-%20ADMO
astra.co.id,"[""information_technology""]",astra.co.id,"[""full_time""]","### Data Engineer - GSI

Information Technology

Lulusan Baru & Profesional

Batas Lamar : 31 Desember 2026

Lowongan / Detail pekerjaan

### Data Engineer - GSI

PT Global Service Indonesia

Information Technology

Lulusan Baru & Profesional

Batas Lamar: 31 Desember 2026

### Deskripsi Pekerjaan

* Mentransformasi data dari berbagai sumber menjadi data yang siap dipakai oleh Data Scientist untuk dijalankan dalam modeling.
* Mengembangkan custom application jika dibutuhkan untuk menunjang inisiatif data analytics
* Mengembangkan API untuk membantu proses integrasi data antar sistem yang berbeda

### Persyaratan

* Minimal pendidikan D3/S1 Ilmu Komputer, Teknologi Informasi, Manajemen Informatika atau program studi yang berkaitan.
* Memahami bahasa pemograman seperti C, Java, C#, Phyton, R.
* Mampu menggunakan alat ETL serta SSAS, Datastage, Spark, MapReduce-
* Memiliki kemampuan interpersonal, analisis dan komunikasi yang baik

### Tentang Perusahaan

#### PT Global Service Indonesia

PT Global Service Indonesia (GSI) was established in December 24, 2014 under Yayasan Karya Bakti United Tractors (Member of ASTRA) which provide Manpower Solution, Digital Solution and Process Solution.

#### Alamat Kantor

Jalan Raya Bekasi KM 22 Cakung Jakarta Timur DKI Jakarta 13910

#### Industri

AHEMCE

#### Website

https://globalservice.co.id

Lihat Detail Perusahaan",2026-08-26T18:56:31Z,831e5a27-4af4-4524-8ac0-8ea6b6103f33,id,2026-08-29T20:13:32Z,2026-08-27T19:12:03Z,"Jakarta, Indonesia, South-eastern Asia, Asia","[{""city"": ""Jakarta"", ""state"": null, ""zip_code"": null, ""country"": ""Indonesia"", ""region"": ""South-eastern Asia"", ""continent"": ""Asia"", ""fuzzy_match"": false}]",Data Engineer - GSI,"{""code"": ""15-1243.00"", ""family"": ""Computer and Mathematical"", ""occupation_name"": ""Database Architects""}",,"{""name"": null, ""title"": null, ""contact"": null}",,"{""salary_low"": null, ""salary_high"": null, ""salary_currency"": null, ""salary_low_usd"": null, ""salary_high_usd"": null, ""salary_time_unit"": null}",mid_senior,closed,[],Data Engineer - GSI,Data Engineer - GSI,https://career.astra.co.id/lowongan/lowongan-detail-page/14778/Data%20Engineer%20-%20GSI
astra.co.id,"[""human_resources""]",astra.co.id,"[""internship""]","### Human Capital Internship Job Fair Unpad - AOP

Human Capital

Lulusan Baru

Batas Lamar : 27 Agustus 2026

Lowongan / Detail pekerjaan

### Human Capital Internship Job Fair Unpad - AOP

Astra Otoparts

Human Capital

Lulusan Baru

Batas Lamar: 27 Agustus 2026

### Deskripsi Pekerjaan

**Human Capital Development Intern**

1. Mendukung proyek Organizational Development (OD), termasuk position naming, Job Evaluation (JE), Talent Classification (TC), dan Talent Competency Assessment (TCA).
2. Mendukung proyek People Development (PD), termasuk Individual Development Plans (IDP) dan inisiatif terkait.
3. Mendukung proses *end-to-end recruitment*.

**Human Resources Intern**

1. Mendukung aktivitas operasional Human Resources.
2. Memelihara, memvalidasi, dan mengorganisasi *database* HR.
3. Menyiapkan laporan, dashboard, dan analisis data untuk mengidentifikasi tren dan insight.
4. Mengembangkan materi presentasi, infografis, dan konten visual untuk inisiatif Human Capital.

### Persyaratan

**Human Capital Development Intern**

1. Mahasiswa semester 5 atau 7 jurusan Psikologi.
2. Memiliki ketertarikan yang kuat pada Psikologi Industri dan Organisasi.

**Human Resources Intern**

1. Mahasiswa semester 5 atau 7  jurusan Statistika, Sistem Informasi, Psikologi, dan Manajemen.
2. Teliti, analitis, dan terorganisir.
3. Bersedia belajar dan mampu bekerja secara kolaboratif.
4. Memiliki kemampuan komunikasi tertulis dan verbal yang baik.
5. Pengalaman menggunakan *tools data visualization* dan *graphic design* seperti Power BI, Google Looker Studio, Canva, Figma, atau aplikasi sejenis menjadi nilai tambah.

### Tentang Perusahaan

#### Astra Otoparts

Astra Otoparts is Indonesia's Largest group of automotive parts manufacturing and distributing companies which provides wide range of spare parts for two wheel and four wheels.

#### Alamat Kantor

Jl Raya Pegangsaan Dua Km 2 2 Kelapa Gading Jakarta

#### Industri

Otomotif

#### Website

-

Lihat Detail Perusahaan",2026-08-26T18:56:31Z,b0e788bd-6440-48ba-86a3-75ac11b49335,id,2026-08-29T20:12:30Z,2026-08-27T19:12:03Z,"Jakarta, Indonesia, South-eastern Asia, Asia","[{""city"": ""Jakarta"", ""state"": null, ""zip_code"": null, ""country"": ""Indonesia"", ""region"": ""South-eastern Asia"", ""continent"": ""Asia"", ""fuzzy_match"": false}]",Human Capital Intern,"{""code"": ""13-1071.00"", ""family"": ""Business and Financial Operations"", ""occupation_name"": ""Human Resources Specialists""}",,"{""name"": null, ""title"": null, ""contact"": null}",,"{""salary_low"": null, ""salary_high"": null, ""salary_currency"": null, ""salary_low_usd"": null, ""salary_high_usd"": null, ""salary_time_unit"": null}",junior,closed,"[""Internship"", ""Internship"", ""HRIS"", ""Google"", ""Canva"", ""Power BI"", ""Figma"", ""Looker"", ""Google Data Studio""]",Human Capital Internship Job Fair Unpad - AOP,Human Capital Intern,https://career.astra.co.id/lowongan/lowongan-detail-page/14773/Human%20Capital%20Internship%20Job%20Fair%20Unpad%20-%20AOP
astra.co.id,"[""sales""]",astra.co.id,"[""full_time"", ""onsite""]","### Growth & Partnership Analyst - ADMO

PT Astra Digital Mobil

Strategic Planning

Profesional

Batas Lamar: 30 November 2026

### Deskripsi Pekerjaan

* Mengidentifikasi peluang pertumbuhan baru, merancang dan mengeksekusi peluang baru tersebut.
* Mengembangkan model bisnis baru berbasis partnership.
* Membangun dan mengelola hubungan strategis dengan partner (Astra Group dan Non Astra).
* Membuat proposal, MoU, atau agreement yang mendukung kolaborasi jangka panjang.
* Mengelola dan memantau efektivitas partnership serta memberikan laporan hasil kepada manajemen.
* Bekerja lintas fungsi dengan internal stakeholder.
* Menyusun laporan rutin terkait inisiatif growth dan partnership.

### Persyaratan

* Memiliki pengalaman 1-2 tahun di bidang partnership/kemitraan.
* Memiliki kemampuan komunikasi yang baik serta mampu membangun dan menjaga hubungan dengan partner.
* Terampil dalam membuat laporan dan mengolah data, dengan perhatian tinggi pada detail.
* Bersedia bekerja secara mobile dan melakukan pertemuan dengan partner di seluruh Indonesia.
* Latar belakang di Perbankan atau Leasing, dengan pengalaman sebagai Partnership atau Account Manager.
* Memiliki kemauan untuk belajar dan beradaptasi dalam lingkungan yang dinamis.Bersedia bekerja di Sunter, Jakarta Utara.",2026-08-26T18:56:31Z,7ac2e18f-6964-499b-81c7-6652e436e9e8,id,2026-08-29T20:12:13Z,2026-08-27T19:12:03Z,"Jakarta, Indonesia, South-eastern Asia, Asia","[{""city"": ""Jakarta"", ""state"": null, ""zip_code"": null, ""country"": ""Indonesia"", ""region"": ""South-eastern Asia"", ""continent"": ""Asia"", ""fuzzy_match"": false}]",Growth & Partnership Analyst,"{""code"": ""13-1161.00"", ""family"": ""Business and Financial Operations"", ""occupation_name"": ""Market Research Analysts and Marketing Specialists""}",,"{""name"": null, ""title"": null, ""contact"": null}",,"{""salary_low"": null, ""salary_high"": null, ""salary_currency"": null, ""salary_low_usd"": null, ""salary_high_usd"": null, ""salary_time_unit"": null}",mid_senior,closed,[],Growth & Partnership Analyst - ADMO,Growth & Partnership Analyst,https://career.astra.co.id/lowongan/lowongan-detail-page/14782/Growth%20&%20Partnership%20Analyst%20-%20ADMO
astra.co.id,"[""engineering"", ""software_development""]",astra.co.id,"[""contract""]"," **Deskripsi Pekerjaan**  
  
Employment Status: Contract-based  
  

- Mengembangkan dan memelihara server dan backend menggunakan Java untuk mendukung fungsi dan fitur dalam platform penjualan mobil bekas. 
- Merancang dan mengimplementasikan API (Application Programming Interface) yang efisien untuk memastikan komunikasi yang lancar antara frontend dan backend, serta dengan pihak-pihak eksternal seperti sistem pembayaran dan penyedia layanan lainnya. 
- Menjalankan pengujian dan debugging secara rutin untuk memastikan keamanan, stabilitas, dan skalabilitas dari aplikasi server menggunakan Node.js. 
- Mengoptimalkan kinerja aplikasi dan server, serta melakukan pemantauan untuk mengidentifikasi dan mengatasi masalah performa guna memberikan pengalaman yang lebih baik kepada pengguna  
  
**Persyaratan**  
  

- Gelar Sarjana dari jurusan Teknik Informatika/Sistem Informasi/Teknik Komputer/Manajemen Informatika atau bidang terkait dari universitas terkemuka dengan IPK minimal 3,00. 
- Minimal 2 tahun pengalaman kerja secara keseluruhan dan pengetahuan mengenai pengembangan backend dan programming (Java).
- Lebih disukai jika memiliki kompetensi dalam Bahasa Pemrograman lain (Node.JS / PHP / Golang / etc).
- Memiliki kompetensi dalam JavaSpring / Springboot, PostgreSQL / mySQL database, Object-Oriented Programming, SDLC Scrum, Unit Testing / Design Pattern / Code Convention, Message Broker (Kafka / RabbitMQ), AWS Cloud, API Contract, Docker / Kubernetes, CI/CD.
- Kemampuan code review.
- Kemampuan problem-solving, interpersonal, dan analisis yang kuat. 
- Bersedia bekerja di kantor (lokasi: Jakarta)
",2026-08-26T04:00:00Z,d94ce8f3-60f2-44e6-98a7-68cf99b93f9a,id,2026-08-29T04:00:00Z,2026-08-29T04:00:00Z,"Jakarta, Jakarta, Indonesia",[],Backend Developer ADMO,"{""code"": ""15-1252.00"", ""family"": ""Computer and Mathematical"", ""occupation_name"": ""Software Developers""}",2026-08-09T23:27:21Z,"{""name"": null, ""title"": null, ""contact"": null}",,"{""salary_low"": null, ""salary_high"": null, ""salary_currency"": null, ""salary_low_usd"": null, ""salary_high_usd"": null, ""salary_time_unit"": null}",mid_senior,,"[""MySQL"", ""Node.js"", ""PHP"", ""PostgreSQL"", ""Scrum"", ""Go"", ""Apache Kafka"", ""Kubernetes"", ""Amazon Web Services"", ""Docker"", ""RabbitMQ"", ""Spring Boot"", ""Continuous Delivery"", ""AWS Cloud""]",Backend Developer - Java - ADMO,Backend Developer - Java - ADMO,https://www.linkedin.com/jobs/view/4449033051/
astra.co.id,"[""finance""]",astra.co.id,"[""full_time""]","### TSO - Finance Coordinator - Unpad Career Fair

Astra International - Toyota Sales Operation

Accounting and Tax

Lulusan Baru & Profesional

Batas Lamar: 27 Agustus 2026

### Deskripsi Pekerjaan

- Mengelola dan memonitor aktivitas serta transaksi keuangan.

- Menyiapkan laporan dan analisis keuangan.

- Memonitor budget dan realisasi biaya.

- Berkoordinasi dengan berbagai pihak terkait kebutuhan dan proses keuangan.

- Memastikan proses keuangan sesuai dengan kebijakan perusahaan.

### Persyaratan

- Minimal S1 Akuntansi, Keuangan, atau bidang terkait.

- Memiliki pengalaman di bidang Finance/Accounting.

- Memiliki kemampuan analisis dan ketelitian yang baik.

- Menguasai Microsoft Excel.

- Memiliki kemampuan komunikasi dan koordinasi yang baik.

- Bersedia ditempatkan di seluruh wilayah operasional perusahaan.
",2026-08-25T18:49:47Z,21044803-c7c0-4a08-a4db-14e18163e101,en,2026-08-28T20:47:32Z,2026-08-28T20:47:32Z,"Lamar, Colorado, United States, Northern America, Americas","[{""city"": ""Lamar"", ""state"": ""Colorado"", ""zip_code"": null, ""country"": ""United States"", ""region"": ""Northern America"", ""continent"": ""Americas"", ""fuzzy_match"": false}]",Finance Coordinator,"{""code"": ""11-3031.01"", ""family"": ""Management"", ""occupation_name"": ""Treasurers and Controllers""}",,"{""name"": null, ""title"": null, ""contact"": null}",,"{""salary_low"": null, ""salary_high"": null, ""salary_currency"": null, ""salary_low_usd"": null, ""salary_high_usd"": null, ""salary_time_unit"": null}",mid_senior,,[],TSO - Finance Coordinator - Unpad Career Fair,,https://career.astra.co.id/lowongan/lowongan-detail-page/14777/TSO%20-%20Finance%20Coordinator%20-%20Unpad%20Career%20Fair
astra.co.id,"[""finance""]",astra.co.id,"[""full_time""]","### TSO - Finance Operation Analyst - Unpad Career Fair

Astra International - Toyota Sales Operation

Accounting and Tax

Lulusan Baru & Profesional

Batas Lamar: 27 Agustus 2026

### Deskripsi Pekerjaan

- Mengelola dan memonitor aktivitas operasional keuangan.

- Menyiapkan laporan dan data keuangan.

- Melakukan pengecekan dan rekonsiliasi transaksi.

- Berkoordinasi dengan tim terkait dalam proses operasional keuangan.

- Memastikan proses berjalan sesuai dengan kebijakan perusahaan.

### Persyaratan

- Minimal S1 Akuntansi, Keuangan, atau bidang terkait.

- Memiliki pengalaman di bidang Finance/Accounting.

- Memiliki kemampuan analisis dan ketelitian yang baik.

- Menguasai Microsoft Excel.

- Memiliki kemampuan komunikasi dan koordinasi yang baik.",2026-08-25T18:49:47Z,824d53c2-f0b0-412c-bf23-c4df959acbab,en,2026-08-28T20:47:50Z,2026-08-28T20:47:50Z,"Lamar, Colorado, United States, Northern America, Americas","[{""city"": ""Lamar"", ""state"": ""Colorado"", ""zip_code"": null, ""country"": ""United States"", ""region"": ""Northern America"", ""continent"": ""Americas"", ""fuzzy_match"": false}]",Finance Operation Analyst,"{""code"": ""13-2051.00"", ""family"": ""Business and Financial Operations"", ""occupation_name"": ""Financial and Investment Analysts""}",,"{""name"": null, ""title"": null, ""contact"": null}",,"{""salary_low"": null, ""salary_high"": null, ""salary_currency"": null, ""salary_low_usd"": null, ""salary_high_usd"": null, ""salary_time_unit"": null}",mid_senior,,[],TSO - Finance Operation Analyst - Unpad Career Fair,,https://career.astra.co.id/lowongan/lowongan-detail-page/14779/%20TSO%20-%20Finance%20Operation%20Analyst%20-%20Unpad%20Career%20Fair
astra.co.id,"[""healthcare_services""]",astra.co.id,"[""onsite""]"," **Deskripsi Pekerjaan**  
  

- Membantu dokumentasi dokumen-dokumen HSE
- Membantu membuat laporan HSE
- Membantu menyiapkan materi safety campaign
- Ikut safety patrol / inspeksi area kerja
- Membantu mencatat temuan bahaya di lapangan
- Membantu laporan kinerja lingkungan kerja & K3 perusahaan
- Support data sustainability index
- Memberi ide improvement terkait safety & K3
- Update materi training Safety, 5S & Lingkungan
- Berkolaborasi dengan tim lintas fungsi untuk mengidentifikasi dan mengimplementasikan peluang perbaikan  
  
**Persyaratan**  
  

- Mahasiswa Sarjana aktif (minimal semester 7) atau lulusan baru dari jurusan Teknik Lingkungan, Kesehatan dan Keselamatan Kerja (K3), atau Kesehatan Masyarakat
- Memiliki kemampuan analisis & dokumentasi yang baik
- Memahami prinsip-prinsip dasar HSE
- Mahir menggunakan Microsoft Excel, PowerPoint, Canva, dan alat visualisasi data
- Teliti, proaktif, dan mampu bekerja sama dalam tim
- Memiliki kemampuan komunikasi yang baik, integritas tinggi, dan disiplin
- Bersedia bekerja di lapangan
- Bersedia ditempatkan onsite (wilayah Sunter, Jakarta Utara)
- Bersedia menjalani masa magang selama 6 bulan
",2026-08-25T04:00:00Z,78c438cd-aba3-43db-974c-ae316e493108,id,2026-08-30T04:00:00Z,2026-08-30T04:00:00Z,"Jakarta, Jakarta, Indonesia",[],HSE Intern - General Manager,"{""code"": ""17-2111.00"", ""family"": ""Architecture and Engineering"", ""occupation_name"": ""Health and Safety Engineers, Except Mining Safety Engineers and Inspectors""}",2026-08-14T22:26:48Z,"{""name"": null, ""title"": null, ""contact"": null}",,"{""salary_low"": null, ""salary_high"": null, ""salary_currency"": null, ""salary_low_usd"": null, ""salary_high_usd"": null, ""salary_time_unit"": null}",junior,,"[""Microsoft"", ""Microsoft PowerPoint"", ""Marketing Campaigns"", ""Microsoft Excel"", ""Canva""]",Intern HSE - GM,HSE Intern - GM,https://www.linkedin.com/jobs/view/4451836708/
astra.co.id,"[""engineering"", ""operations""]",astra.co.id,"[""full_time""]","### Job Fair UNPAD 2026 - MT Workshop Supervisor - DSO

Astra International - Daihatsu Sales Operation

Development Program

Lulusan Baru

Batas Lamar: 30 September 2026

### Deskripsi Pekerjaan

* Bertanggung jawab untuk memimpin dan mengelola bengkel di cabang Astra Daihatsu.
* Bertanggung jawab untuk memastikan semua proses bengkel di cabang berjalan lancar sesuai SOP.
* Bertanggung jawab untuk memastikan cabang mencapai target unit entry.

### Persyaratan

* S1 Fakultas Teknik  (Teknik Mesin, Elektro, Teknik Industri, atau jurusan lainnya yang relevan).
* Fresh graduate atau maks. 2 tahun pengalaman kerja.
* Memiliki passion untuk bekerja di industri otomotif dan berambisi menjadi pemimpin.
* Bersedia ditempatkan di seluruh Indonesia.
* Memiliki keterampilan interpersonal, komunikasi, dan kepemimpinan yang baik.
* Memiliki naluri bisnis dan orientasi mencapai target.

Untuk informasi lebih lanjut dapat menghubungi alamat Email Rekrutmen Astra Daihatsu (recruitment.rod@dso.astra.co.id).",2026-08-22T18:38:32Z,8032b30f-6605-4a5d-a733-05dfc69ac562,en,2026-08-28T21:25:01Z,2026-08-28T21:25:01Z,"Jakarta, Indonesia, South-eastern Asia, Asia","[{""city"": ""Jakarta"", ""state"": null, ""zip_code"": null, ""country"": ""Indonesia"", ""region"": ""South-eastern Asia"", ""continent"": ""Asia"", ""fuzzy_match"": false}]",Workshop Supervisor,"{""code"": ""47-1011.00"", ""family"": ""Construction and Extraction"", ""occupation_name"": ""First-Line Supervisors of Construction Trades and Extraction Workers""}",,"{""name"": null, ""title"": null, ""contact"": null}",,"{""salary_low"": null, ""salary_high"": null, ""salary_currency"": null, ""salary_low_usd"": null, ""salary_high_usd"": null, ""salary_time_unit"": null}",junior,,[],Job Fair UNPAD 2026 - MT Workshop Supervisor - DSO,,https://career.astra.co.id/lowongan/lowongan-detail-page/14763/Job%20Fair%20UNPAD%202026%20-%20MT%20Workshop%20Supervisor%20-%20DSO
astra.co.id,"[""marketing""]",astra.co.id,"[""full_time""]","### Corporate Communication Analyst - SMI

Communication

Lulusan Baru

Batas Lamar : 30 September 2026

Lowongan / Detail pekerjaan

### Corporate Communication Analyst - SMI

Astra Financial - Sedaya Multi Investama

Communication

Lulusan Baru

Batas Lamar: 30 September 2026

### Deskripsi Pekerjaan

* Mengembangkan dan melaksanakan program komunikasi perusahaan, acara perusahaan, dan sponsorship untuk mendukung peningkatan reputasi dan eksposur perusahaan.
* Mengkoordinasikan hubungan dan komunikasi dengan media, termasuk media tier-1, untuk mendukung eksposur perseroan.
* Memantau dan menganalisis laporan media,media sosial, dan isu-isu yang berkaitan dengan perusahaan dan industri serta memberikan rekomendasi untuk tindak lanjut komunikasi.
* Memantau, menganalisis, dan mengkoordinasikan penanganan komunikasi krisis serta memberikan rekomendasi tindak lanjut sesuai dengan protokol komunikasi perusahaan.
* Melakukan komunikasi internal perusahaan melalui penyusunan dan distribusi konten komunikasi kepada karyawan.
* Menyiapkan pelaporan komunikasi dan mendukung penerapan tata kelola komunikasi sesuai dengan pedoman komunikasi dan kerangka kerja ACMS.
* Membuat, memperbarui, dan mengelola pedoman komunikasi dan alat digital perusahaan (website & media sosial).

### Persyaratan

* Gelar Sarjana minimal dari Departemen Ilmu Komunikasi. Hubungan Masyarakat, dan bidang terkait lainnya.
* 1-3 tahun pengalaman dalam Komunikasi Perusahaan dan bidang terkait lainnya
* Pengertian Sistem Manajemen Komunikasi Astra (ACMS).
* Keterampilan hubungan media dan pemantauan media.
* Pengetahuan tentang crisis communication.

### Tentang Perusahaan

#### Astra Financial - Sedaya Multi Investama

Astra Financial is a brand of the financial services division of PT Astra International Tbk with the mission to be a Financial partner for Indonesian prosperity.To take part in Astra's pursuit of prospering the nation while establishing a bigger role in financial service, Astra Financial continuousl...

#### Alamat Kantor

#### Industri

Jasa Keuangan

#### Website

http://www.astrafinancial.co.id",2026-08-22T18:38:32Z,5dc4c65e-4e1f-4a4a-9c3d-612e7401f52d,en,2026-08-28T21:42:26Z,2026-08-28T21:42:26Z,"Lamar, Colorado, United States, Northern America, Americas","[{""city"": ""Lamar"", ""state"": ""Colorado"", ""zip_code"": null, ""country"": ""United States"", ""region"": ""Northern America"", ""continent"": ""Americas"", ""fuzzy_match"": false}]",Corporate Communication Analyst,"{""code"": ""27-3031.00"", ""family"": ""Arts, Design, Entertainment, Sports, and Media"", ""occupation_name"": ""Public Relations Specialists""}",,"{""name"": null, ""title"": null, ""contact"": null}",,"{""salary_low"": null, ""salary_high"": null, ""salary_currency"": null, ""salary_low_usd"": null, ""salary_high_usd"": null, ""salary_time_unit"": null}",junior,,[],Corporate Communication Analyst - SMI,,https://career.astra.co.id/lowongan/lowongan-detail-page/14771/Corporate%20Communication%20Analyst%20-%20SMI
astra.co.id,"[""management"", ""operations""]",astra.co.id,"[""full_time""]","### Job Fair UNPAD 2026 - MT Part Supervisor - DSO

Astra International - Daihatsu Sales Operation

Development Program

Lulusan Baru

Batas Lamar: 30 September 2026

### Deskripsi Pekerjaan

* Bertanggung jawab memimpin tim penjualan suku cadang untuk mencapai target penjualan suku cadang di cabang Astra Daihatsu.
* Bertanggung jawab merancang rencana bisnis strategis untuk memperluas basis pelanggan.
* Bertanggung jawab membangun hubungan dengan pelanggan dan memahami kebutuhan mereka.

### Persyaratan

* Minimal bergelar Sarjana (S1) di bidang Teknik Mesin, Elektro, Teknik Industri, atau bidang terkait lainnya.
* Maks. 2 tahun pengalaman kerja atau lulusan baru.
* Bersemangat bekerja di industri otomotif dan berambisi menjadi pemimpin.
* Bersedia ditempatkan di seluruh Indonesia adalah KEHARUSAN.
* Memiliki keterampilan interpersonal, komunikasi, dan kepemimpinan yang baik.
* Memiliki naluri bisnis dan dorongan untuk mencapai hasil.

Untuk informasi lebih lanjut dapat menghubungi alamat Email Rekrutmen Astra Daihatsu(recruitment.rod@dso.astra.co.id)",2026-08-22T18:38:32Z,2aa8d1a3-b099-412d-8d29-13afd66908b1,en,2026-08-28T21:42:27Z,2026-08-28T21:42:27Z,"Jakarta, Indonesia, South-eastern Asia, Asia","[{""city"": ""Jakarta"", ""state"": null, ""zip_code"": null, ""country"": ""Indonesia"", ""region"": ""South-eastern Asia"", ""continent"": ""Asia"", ""fuzzy_match"": false}]",Part Supervisor,"{""code"": ""47-1011.00"", ""family"": ""Construction and Extraction"", ""occupation_name"": ""First-Line Supervisors of Construction Trades and Extraction Workers""}",,"{""name"": null, ""title"": null, ""contact"": null}",,"{""salary_low"": null, ""salary_high"": null, ""salary_currency"": null, ""salary_low_usd"": null, ""salary_high_usd"": null, ""salary_time_unit"": null}",junior,,[],Job Fair UNPAD 2026 - MT Part Supervisor - DSO,,https://career.astra.co.id/lowongan/lowongan-detail-page/14764/Job%20Fair%20UNPAD%202026%20-%20MT%20Part%20Supervisor%20-%20DSO
astra.co.id,"[""engineering"", ""operations""]",astra.co.id,"[""full_time""]","### Job Fair UNPAD 2026 - Part Warehouse & Delivery Analyst - DSO

Astra International - Daihatsu Sales Operation

Engineering

Lulusan Baru

Batas Lamar: 30 September 2026

### Deskripsi Pekerjaan

* Melakukan monitoring dan evaluasi proses pengiriman Part.
* Melakukan kontrol data dan project system Part.
* Melakukan monitoring dan analisa operasional warehouse

### Persyaratan

* Sarjana (S1) dibidang Teknik.
* Memiliki pemahaman yang kuat tentang Product Knowledge Parts dan konsep dasar otomotif.
* Memiliki pengetahuan tentang sistem manajemen pergudangan.
* Memiliki kemampuan analisa yang baik.
* Terbiasa atau familiar dengan sistem pengiriman barang.

Untuk informasi lebih lanjut dapat menghubungi alamat Email Rekrutmen Astra Daihatsu **(recruitment.rod@dso.astra.co.id)**",2026-08-22T18:38:32Z,bf7b5a4c-51fe-4471-b95d-84e030cdaf89,en,2026-08-28T21:42:29Z,2026-08-28T21:42:29Z,"Jakarta, Indonesia, South-eastern Asia, Asia","[{""city"": ""Jakarta"", ""state"": null, ""zip_code"": null, ""country"": ""Indonesia"", ""region"": ""South-eastern Asia"", ""continent"": ""Asia"", ""fuzzy_match"": false}]",Warehouse and Delivery Analyst,"{""code"": ""15-1243.01"", ""family"": ""Computer and Mathematical"", ""occupation_name"": ""Data Warehousing Specialists""}",,"{""name"": null, ""title"": null, ""contact"": null}",,"{""salary_low"": null, ""salary_high"": null, ""salary_currency"": null, ""salary_low_usd"": null, ""salary_high_usd"": null, ""salary_time_unit"": null}",junior,,[],Job Fair UNPAD 2026 - Part Warehouse & Delivery Analyst - DSO,,https://career.astra.co.id/lowongan/lowongan-detail-page/14766/Job%20Fair%20UNPAD%202026%20-%20Part%20Warehouse%20&%20Delivery%20Analyst%20-%20DSO
astra.co.id,"[""marketing""]",astra.co.id,"[""full_time""]","### Job Fair UNPAD 2026 - Sales Planning Analyst - DSO

Marketing

Lulusan Baru

Batas Lamar : 30 September 2026

Lowongan / Detail pekerjaan

### Job Fair UNPAD 2026 - Sales Planning Analyst - DSO

Astra International - Daihatsu Sales Operation

Marketing

Lulusan Baru

Batas Lamar: 30 September 2026

### Deskripsi Pekerjaan

* Menyusun dan menganalisa laporan hasil penjualan serta *forecast* market harian dan bulanan.
* Melakukan monitoring terhadap sistem distribusi unit untuk memastikan operasional berjalan secara efektif dan efisien.
* Menyusun rencana pemesanan produksi sesuai dengan data *history* penjualan dan *forecast*.
* Melakukan alokasi unit kendaraan setiap bulan sesuai dengan kebutuhan bisnis dan perencanaan penjualan.

### Persyaratan

* Pendidikan minimal S1 dari jurusan Teknik Industri, Manajemen, Bisnis atau jurusan lain yang relevan.
* Memiliki kemampuan analisa dan *problem solving* yang baik.
* Memiliki kemampuan komunikasi dan kolaborasi yang baik dengan berbagai pihak.
* Menguasai Microsoft Excel dan pengolahan data.
* Memahami konsep *reporting* dan *forecasting*.
* Teliti serta mampu bekerja dengan data secara akurat.
* Tertarik pada bidang *sales operation, business planning*, dan *distribution management* (menjadi *plus point*).

### Tentang Perusahaan

#### Astra International - Daihatsu Sales Operation

PT Astra International Tbk Daihatsu Sales Operation (AI-DSO), commonly known as Astra Daihatsu, was established in 1973. It serves as the sole distributor and retailer of Daihatsu vehicles in Indonesia, offering a diverse range of products and services. With over 125 authorized outlets nationwide, ...

#### Alamat Kantor

Jl Yos Sudarso Kav 24 Sunter Jakarta

#### Industri

Otomotif

#### Website

-

Lihat Detail Perusahaan",2026-08-22T18:38:32Z,46682845-02db-4045-b2bc-fb3d1cd895ce,id,2026-08-28T21:42:53Z,2026-08-27T19:12:03Z,"Jakarta, Indonesia, South-eastern Asia, Asia","[{""city"": ""Jakarta"", ""state"": null, ""zip_code"": null, ""country"": ""Indonesia"", ""region"": ""South-eastern Asia"", ""continent"": ""Asia"", ""fuzzy_match"": false}]",Sales Planning Analyst,"{""code"": ""15-2051.01"", ""family"": ""Computer and Mathematical"", ""occupation_name"": ""Business Intelligence Analysts""}",,"{""name"": null, ""title"": null, ""contact"": null}",,"{""salary_low"": null, ""salary_high"": null, ""salary_currency"": null, ""salary_low_usd"": null, ""salary_high_usd"": null, ""salary_time_unit"": null}",junior,closed,[],Job Fair UNPAD 2026 - Sales Planning Analyst - DSO,Sales Planning Analyst,https://career.astra.co.id/lowongan/lowongan-detail-page/14770/Job%20Fair%20UNPAD%202026%20-%20Sales%20Planning%20Analyst%20-%20DSO
astra.co.id,"[""marketing"", ""operations""]",astra.co.id,"[""full_time""]","### Job Fair UNPAD 2026 - Part Marketing Support Analyst - DSO

Astra International - Daihatsu Sales Operation

Marketing

Lulusan Baru

Batas Lamar: 30 September 2026

### Deskripsi Pekerjaan

* Menganalisis dan membuat laporan kinerja penjualan suku cadang, aksesoris, dan genuine oil untuk mendukung strategi bisnis.
* Monitoring dan evaluasi program pemasaran guna meningkatkan penjualan di seluruh jaringan dealer dan bengkel resmi.
* Berkoordinasi dengan tim terkait untuk memastikan ketersediaan produk serta menindaklanjuti masalah pengadaan.
* Mengelola dan memastikan keakuratan data produk dalam sistem.

### Persyaratan

* Sarjana (S1) dibidang Teknik Mesin, Teknik Industri, Teknik Elektro.
* Memiliki pemahaman yang kuat tentang Product Knowledge Parts dan konsep dasar otomotif.
* Terbiasa dengan sistem inventaris dan proses pemesanan suku cadang.
* Memiliki pengetahuan tentang sistem manajemen pergudangan dan sistem penomoran suku cadang.
* Mampu membaca dan menginterpretasikan katalog suku cadang.
* Memahami strategi pemasaran dan manajemen rantai pasok (Supply Chain Management).

### Tentang Perusahaan

#### Astra International - Daihatsu Sales Operation

PT Astra International Tbk Daihatsu Sales Operation (AI-DSO), commonly known as Astra Daihatsu, was established in 1973. It serves as the sole distributor and retailer of Daihatsu vehicles in Indonesia, offering a diverse range of products and services. With over 125 authorized outlets nationwide, ...

#### Alamat Kantor

Jl Yos Sudarso Kav 24 Sunter Jakarta

#### Industri

Otomotif

#### Website

-

Lihat Detail Perusahaan",2026-08-22T18:38:32Z,ba71a4bf-a15c-444f-b555-5d32ba852991,id,2026-08-28T21:42:24Z,2026-08-28T21:42:24Z,"Jakarta, Indonesia, South-eastern Asia, Asia","[{""city"": ""Jakarta"", ""state"": null, ""zip_code"": null, ""country"": ""Indonesia"", ""region"": ""South-eastern Asia"", ""continent"": ""Asia"", ""fuzzy_match"": false}]",Marketing Support Analyst,"{""code"": ""15-2051.01"", ""family"": ""Computer and Mathematical"", ""occupation_name"": ""Business Intelligence Analysts""}",,"{""name"": null, ""title"": null, ""contact"": null}",,"{""salary_low"": null, ""salary_high"": null, ""salary_currency"": null, ""salary_low_usd"": null, ""salary_high_usd"": null, ""salary_time_unit"": null}",junior,,[],Job Fair UNPAD 2026 - Part Marketing Support Analyst - DSO,Marketing Support Analyst,https://career.astra.co.id/lowongan/lowongan-detail-page/14765/Job%20Fair%20UNPAD%202026%20-%20Part%20Marketing%20Support%20Analyst%20-%20DSO
astra.co.id,"[""legal""]",astra.co.id,"[""full_time""]","### Job Fair UNPAD 2026 - Legal Analyst - DSO

Astra International - Daihatsu Sales Operation

Legal

Lulusan Baru

Batas Lamar: 30 September 2026

### Deskripsi Pekerjaan

* Menyusun dan melakukan analisis, review, dan monitoring dokumen hukum, perizinan perusahaan, serta perjanjian kerja sama.
* Memastikan seluruh transaksi dan perjanjian telah sesuai dengan peraturan perundang-undangan, kebijakan, dan SOP perusahaan.
* Mengelola proses legal terkait aset perusahaan, termasuk akuisisi tanah, sertifikasi, dan perizinan aset.
* Memberikan legal support, legal opinion, serta menangani penyelesaian permasalahan hukum perusahaan.

### Persyaratan

* Pendidikan minimal S1 Hukum.
* Fresh graduate are welcome to apply
* Memahami dasar hukum perjanjian, hukum perusahaan, dan perizinan.
* Memiliki kemampuan analisis, komunikasi, dan penyusunan dokumen yang baik.
* Teliti, bertanggung jawab, serta mampu bekerja secara mandiri maupun dalam tim.

### Tentang Perusahaan

#### Astra International - Daihatsu Sales Operation

PT Astra International Tbk Daihatsu Sales Operation (AI-DSO), commonly known as Astra Daihatsu, was established in 1973. It serves as the sole distributor and retailer of Daihatsu vehicles in Indonesia, offering a diverse range of products and services. With over 125 authorized outlets nationwide, ...

#### Alamat Kantor

Jl Yos Sudarso Kav 24 Sunter Jakarta

#### Industri

Otomotif

#### Website

-

Lihat Detail Perusahaan",2026-08-22T18:38:32Z,e9b34008-62c5-4c39-9ea6-6d37f44b0143,id,2026-08-25T21:04:07Z,2026-08-25T18:56:30Z,"Jakarta, Indonesia, South-eastern Asia, Asia","[{""city"": ""Jakarta"", ""state"": null, ""zip_code"": null, ""country"": ""Indonesia"", ""region"": ""South-eastern Asia"", ""continent"": ""Asia"", ""fuzzy_match"": false}]",Legal Analyst,"{""code"": ""23-2011.00"", ""family"": ""Legal"", ""occupation_name"": ""Paralegals and Legal Assistants""}",,"{""name"": null, ""title"": null, ""contact"": null}",,"{""salary_low"": null, ""salary_high"": null, ""salary_currency"": null, ""salary_low_usd"": null, ""salary_high_usd"": null, ""salary_time_unit"": null}",junior,closed,[],Job Fair UNPAD 2026 - Legal Analyst - DSO,Legal Analyst,https://career.astra.co.id/lowongan/lowongan-detail-page/14767/Job%20Fair%20UNPAD%202026%20-%20Legal%20Analyst%20-%20DSO
astra.co.id,"[""sales""]",astra.co.id,"[""full_time"", ""onsite""]","### B2B Sales Rental - MODA

Sales

Lulusan Baru & Profesional

Batas Lamar : 31 Desember 2026

Lowongan / Detail pekerjaan

### B2B Sales Rental - MODA

PT Mobilitas Digital Indonesia

Sales

Lulusan Baru & Profesional

Batas Lamar: 31 Desember 2026

### Deskripsi Pekerjaan

1. Melakukan analisa kompetitor dan marketing intelligence untuk mengidentifikasi produk atau solusi terbaik

2. Melakukan kegiatan prospek pelanggan untuk menambah dan melengkapi data calon pelanggan serta membuat laporan kegiatannya

3. Membuat cost structure untuk setiap aktivitas pemesanan

4. Menyelesaikan transaksi sewa-menyewa dengan customer (closing deal), termasuk pembuatan final quotation dan kontrak kerja

5. Berkolaborasi dengan tim Legal terkait pengajuan, peninjauan, dan pembuatan kontrak serta SLA

6. Melakukan negosiasi kontrak dan SLA dengan customer

7. Mempresentasikan detail informasi terkait produk dan layanan kendaraan kepada calon customer

8. Mengerjakan urusan administrasi terkait berkas-berkas customer dan memastikan customer melakukan pembayaran pertama

9. Membangun kepercayaan dan hubungan baik dengan pelanggan dan PIC lain

10. Bersedia ditempatkan di Cakung, Jakarta Timur

### Persyaratan

1. D3 atau S1 dari semua jurusan

2. Memiliki lebih dari 2 tahun pengalaman di bidang sales

3. Berangkat dari background sales di sektor logistik atau rental kendaraan komersil

4. Pengetahuan yang luas akan industri rental kendaraan

5. Berpengalaman dalam menghandle akun dalam jumlah besar

6. Customer-oriented dan memiliki sense bisnis yang baik

7. Memiliki kemampuan analisa dan judgement

8. Memiliki kemampuan interpersonal, negosiasi, leadership, dan teamwork
",2026-08-22T18:38:32Z,18e20a8f-f51d-438c-8db4-58b3c4d5ef99,id,2026-08-25T20:32:38Z,2026-08-26T19:03:18Z,"Jakarta, Indonesia, South-eastern Asia, Asia","[{""city"": ""Jakarta"", ""state"": null, ""zip_code"": null, ""country"": ""Indonesia"", ""region"": ""South-eastern Asia"", ""continent"": ""Asia"", ""fuzzy_match"": false}]",B2B Sales,"{""code"": ""41-2021.00"", ""family"": ""Sales and Related"", ""occupation_name"": ""Counter and Rental Clerks""}",,"{""name"": null, ""title"": null, ""contact"": null}",,"{""salary_low"": null, ""salary_high"": null, ""salary_currency"": null, ""salary_low_usd"": null, ""salary_high_usd"": null, ""salary_time_unit"": null}",mid_senior,closed,[],B2B Sales Rental - MODA,B2B Rental Sales Representative,https://career.astra.co.id/lowongan/lowongan-detail-page/14768/B2B%20Sales%20Rental%20-%20MODA
astra.co.id,"[""information_technology"", ""product_management""]",astra.co.id,"[""full_time""]","### IT Product Specialist - MODA

PT Mobilitas Digital Indonesia

Information Technology

Lulusan Baru & Profesional

Batas Lamar: 31 Desember 2026

### Deskripsi Pekerjaan

* Menganalisis kebutuhan pelanggan dan memberikan solusi pengembangan produk yang paling sesuai
* Menyampaikan ide dan konsep pengembangan produk untuk mendukung pencapaian target pendapatan perusahaan
* Mengomunikasikan kebutuhan bisnis kepada tim developer secara jelas dan efektif
* Melakukan pengujian produk agar sesuai dengan kebutuhan dan tujuan bisnis
* Bekerja sama dengan manajer serta berkoordinasi dengan Project Manager dalam menyusun rencana proyek, alokasi sumber daya, dan penjadwalan kegiatan
* Melaporkan kepada kepala departemen apabila terdapat potensi keterlambatan dalam proses sprint berdasarkan hasil analisis
* Menjawab pertanyaan terkait produk dari tim internal secara tepat waktu dan akurat
* Menyusun laporan produk secara rutin maupun insidental untuk disampaikan kepada manajemen
* Memahami alur dan proses bisnis perusahaan
* Mengidentifikasi kebutuhan pengguna terkait analisis data untuk menghasilkan wawasan bisnis (business insight) yang relevan

### Persyaratan

* Minimal S1 dari jurusan Manajemen, Teknik Informatika, atau Sistem Informasi
* Berpengalaman kerja selama 2-4 tahun di bidang yang relevan (sebagai Product Owner / Product Manager)
* Menguasai Software Development Lifecycle (SDLC) secara mendalam
* Familiar dengan konsep integrasi API serta ekosistem perangkat lunak skala bisnis, seperti sistem ERP (Enterprise Resource Planning)
* Mampu melakukan riset produk digital yang tajam, mencakup analisis tren pasar, evaluasi kompetitor, hingga identifikasi kebutuhan pengguna
* Proaktif dan adaptif menghadapi perubahan, teliti, percaya diri, serta selalu membawa ide-ide orisinal dalam pemecahan masalah
* Handal dalam berkomunikasi, terampil berkolaborasi dengan berbagai pihak dan cekatan dalam menyusun laporan yang komprehensif
* Terorganisir dan tech-savvy; mahir mengatur prioritas saat multitasking dan cepat beradaptasi dengan berbagai sistem teknologi baru

### Tentang Perusahaan

#### PT Mobilitas Digital Indonesia

Formally established on mid-year 2022, PT Mobilitas Digital Indonesia is a joint venture between PT Astra International Tbk and Toyota Motor Corporation. We strive to provide total integrated mobility solution focusing on full service rental, fleet management system, and matching platform for commer...

#### Alamat Kantor

#### Industri

Otomotif

#### Website

https://mdi.id/",2026-08-22T18:38:32Z,7894739c-994a-4329-bc88-4f3ad821816d,id,2026-08-25T21:03:35Z,2026-08-27T19:12:03Z,"Lamar, Colorado, United States, Northern America, Americas","[{""city"": ""Lamar"", ""state"": ""Colorado"", ""zip_code"": null, ""country"": ""United States"", ""region"": ""Northern America"", ""continent"": ""Americas"", ""fuzzy_match"": false}]",IT Product Specialist,"{""code"": ""15-1232.00"", ""family"": ""Computer and Mathematical"", ""occupation_name"": ""Computer User Support Specialists""}",,"{""name"": null, ""title"": null, ""contact"": null}",,"{""salary_low"": null, ""salary_high"": null, ""salary_currency"": null, ""salary_low_usd"": null, ""salary_high_usd"": null, ""salary_time_unit"": null}",mid_senior,closed,[],IT Product Specialist - MODA,IT Product Specialist - MODA,https://career.astra.co.id/lowongan/lowongan-detail-page/14769/IT%20Product%20Specialist%20-%20MODA
astra.co.id,"[""sales""]",astra.co.id,"[""full_time""]","### Private Insurance Sales - HRT

PT Jakarta Pakar Kardia (Heartology Cardiovascular Hospital)

Sales

Profesional

Batas Lamar: 31 Desember 2026

### Deskripsi Pekerjaan

* Mengelola hubungan dan mengembangkan kerja sama dengan perusahaan serta agen asuransi.
* Melakukan prospek, penawaran layanan, dan tindak lanjut peluang bisnis private insurance.
* Mengelola administrasi, proposal, perjanjian kerja sama, dan dokumentasi partnership.
* Memastikan kelancaran pelayanan pasien asuransi serta menangani kebutuhan dan keluhan partner.
* Mencapai target sales melalui monitoring aktivitas, kunjungan, volume pasien, dan penyusunan laporan.

### Persyaratan

* Minimal S1 dari semua jurusan dan memiliki pengalaman minimal 2 tahun di bidang Sales & Marketing, diutamakan dari industri Healthcare, Rumah Sakit, atau Asuransi.
* Memiliki kemampuan komunikasi, negosiasi, dan membangun hubungan dengan klien/mitra.
* Memiliki kemampuan customer service dan penanganan keluhan secara profesional.
* Berorientasi pada target, memiliki kemampuan analisis dan problem solving, serta mampu bekerja secara mandiri maupun dalam tim.
* Memahami industri Healthcare/Rumah Sakit, Asuransi/TPA, serta proses perjanjian kerja sama (PKS) dan Sales & Marketing.
",2026-08-22T18:38:32Z,238632ac-dda8-48de-90b0-09d82ef32f73,id,2026-08-28T21:42:21Z,2026-08-28T21:42:21Z,"Lamar, Colorado, United States, Northern America, Americas","[{""city"": ""Lamar"", ""state"": ""Colorado"", ""zip_code"": null, ""country"": ""United States"", ""region"": ""Northern America"", ""continent"": ""Americas"", ""fuzzy_match"": false}]",Private Insurance Sales,"{""code"": ""41-3021.00"", ""family"": ""Sales and Related"", ""occupation_name"": ""Insurance Sales Agents""}",,"{""name"": null, ""title"": null, ""contact"": null}",,"{""salary_low"": null, ""salary_high"": null, ""salary_currency"": null, ""salary_low_usd"": null, ""salary_high_usd"": null, ""salary_time_unit"": null}",mid_senior,,[],Private Insurance Sales - HRT,Private Insurance Sales Representative,https://career.astra.co.id/lowongan/lowongan-detail-page/14776/Private%20Insurance%20Sales%20-%20HRT
astra.co.id,"[""administration""]",astra.co.id,"[""full_time""]","### Mitra Relation Staff - DPA

Administration and Clerical

Lulusan Baru

Batas Lamar : 30 September 2026

Lowongan / Detail pekerjaan

### Mitra Relation Staff - DPA

Dana Pensiun Astra

Administration and Clerical

Lulusan Baru

Batas Lamar: 30 September 2026

### Deskripsi Pekerjaan

Bertanggung jawab atas serangkaian proses yang berkaitan dengan kepesertaan dana pensiun seperti administrasi kepesertaan dan pengumpulan iuran serta menjaga hubungan baik dengan mitra.

### Persyaratan

1. Pendidikan minimal S1 semua jurusan (diutamakan jurusan Akuntansi/ Manajemen/ Matematika/ Komunikasi).
2. Fresh graduate dipersilakan melamar atau memiliki pengalaman 2 tahun di bidang yang relevan.
3. Terampil menggunakan Microsoft Excel untuk pengolahan, analisis, dan penyajian data.
4. Memiliki kemampuan komunikasi dan interpersonal skill.
5. Bersedia bekerja dalam tim dan memiliki kemauan untuk belajar.

### Tentang Perusahaan

#### Dana Pensiun Astra

Dana Pensiun Astra adalah Dana Pensiun yang didirikan oleh Astra International pada tahun 1986 yang difungsikan sebagai pengelola Manfaat Pensiun dari karyawan Astra Group.

#### Alamat Kantor

#### Industri

Yayasan

#### Website

https://new.dapenastra.com",2026-08-22T18:38:32Z,c6e60e9f-a580-4e6a-9abc-1491bb5cf6c0,id,2026-08-25T21:03:41Z,2026-08-27T19:12:03Z,"Lamar, Colorado, United States, Northern America, Americas","[{""city"": ""Lamar"", ""state"": ""Colorado"", ""zip_code"": null, ""country"": ""United States"", ""region"": ""Northern America"", ""continent"": ""Americas"", ""fuzzy_match"": false}]",Partner Relations Staff - DPA,"{""code"": ""21-1023.00"", ""family"": ""Community and Social Service"", ""occupation_name"": ""Mental Health and Substance Abuse Social Workers""}",,"{""name"": null, ""title"": null, ""contact"": null}",,"{""salary_low"": null, ""salary_high"": null, ""salary_currency"": null, ""salary_low_usd"": null, ""salary_high_usd"": null, ""salary_time_unit"": null}",junior,closed,[],Mitra Relation Staff - DPA,Partner Relations Staff - DPA,https://career.astra.co.id/lowongan/lowongan-detail-page/14775/Mitra%20Relation%20Staff%20-%20DPA
astra.co.id,"[""operations"", ""engineering""]",astra.co.id,"[""full_time""]","### Supervisor Plant - GM

PT Gaya Motor

Production and Manufacturing

Lulusan Baru & Profesional

Batas Lamar: 30 Agustus 2026

### Deskripsi Pekerjaan

* **Operational Plant**

1. Mengawasi dan mengoordinasikan seluruh aktivitas operasional plant agar berjalan sesuai target produksi, kualitas, biaya, dan waktu.
2. Memastikan pencapaian KPI sesuai sasaran perusahaan.
3. Melakukan monitoring serta evaluasi performa operasional plant secara berkala.

* **Quality Management**

1. Memastikan penerapan standar kualitas produk dan proses sesuai prosedur perusahaan.
2. Mengidentifikasi, menganalisis, dan menindaklanjuti permasalahan kualitas serta melakukan continuous improvement.
3. Berkoordinasi dengan tim terkait dalam pelaksanaan audit internal maupun eksternal.

* **Engineering & Maintenance**

1. Mengawasi kegiatan preventive, predictive, dan corrective maintenance pada mesin produksi, fasilitas plant, serta utilitas pendukung.
2. Memastikan seluruh peralatan produksi dan fasilitas plant berada dalam kondisi optimal untuk mendukung kelancaran operasional.
3. Menginisiasi proyek peningkatan produktivitas, efisiensi, dan keandalan mesin maupun fasilitas.

* **Logistics & Inventory Control**

1. Mengelola aktivitas logistik, pergudangan, dan pengendalian material untuk menjamin ketersediaan kebutuhan operasional.
2. Memastikan kelancaran aliran material, penyimpanan barang, serta akurasi data inventory.
3. Mengoptimalkan penggunaan sumber daya dan ruang penyimpanan untuk meningkatkan efisiensi operasional.

* **Plant Facility & Safety**

1. Memastikan seluruh fasilitas pendukung plant beroperasi dengan baik dan sesuai standar keselamatan.
2. Mengawasi implementasi K3 (Keselamatan dan Kesehatan Kerja), 5S, serta program Health, Safety & Environment (HSE).
3. Menindaklanjuti potensi risiko operasional dan melakukan tindakan pencegahan untuk menjaga keselamatan kerja.

* **Leadership & Improvement**

1. Memimpin, membina, dan mengembangkan kompetensi tim supervisor dan operator.
2. Melakukan perencanaan kebutuhan tenaga kerja, evaluasi kinerja, serta pengembangan sumber daya manusia.
3. Mengimplementasikan program continuous improvement, Lean Manufacturing, Kaizen, TPM, dan aktivitas peningkatan produktivitas lainnya.

### Persyaratan

1. Minimal S1 Teknik Mesin, Teknik Industri, Teknik Elektro, Teknik Manufaktur, atau bidang terkait.
2. Memiliki pengalaman minimal 1-2 tahun di industri manufaktur di level Supervisor / setara(fresh graduate dipersilakan untuk melamar)
3. Memahami proses manufaktur, quality control, maintenance, logistics, dan facility management.
4. Memahami konsep Preventive & Corrective Maintenance serta prinsip Kaizen / Continuous Improvement.
5. Memiliki kemampuan analisis, problem solving, dan pengambilan keputusan yang baik.
6. Memiliki kemampuan leadership, coaching, dan pengelolaan tim yang kuat.
7. Menguasai Microsoft Office dan penggunaan AI
8. Memahami implementasi K3, 5S, dan sistem manajemen mutu
9. Bersedia ditempatkan di seluruh area operasional perusahaan (Sunter, Karawang, dan Citeureup)

### Tentang Perusahaan

#### PT Gaya Motor

PT Gaya Motor is an authorized general assembler in Indonesia. Established in 1969 as the first automotive assembler of PT Astra International, it has maintained its legacy of excellence for over five decades. PT Gaya Motor offers a comprehensive range of assembly services, including welding (roboti...

#### Alamat Kantor

Jl Gaya Motor Raya No 3 Sungai Bambu Kec Tj Priok Jkt Utara Daerah Khusus Ibukota Jakarta 14330

#### Industri

Otomotif

#### Website

https://gayamotor.astra.co.id/

Lihat Detail Perusahaan",2026-08-19T18:28:48Z,b970fada-7310-4df4-9d36-df10b7cf913e,id,2026-08-22T22:37:39Z,2026-08-19T18:53:51Z,"Jakarta, Indonesia, South-eastern Asia, Asia","[{""city"": ""Jakarta"", ""state"": null, ""zip_code"": null, ""country"": ""Indonesia"", ""region"": ""South-eastern Asia"", ""continent"": ""Asia"", ""fuzzy_match"": false}]",Plant Supervisor - General Manager,"{""code"": ""11-3051.00"", ""family"": ""Management"", ""occupation_name"": ""Industrial Production Managers""}",,"{""name"": null, ""title"": null, ""contact"": null}",,"{""salary_low"": null, ""salary_high"": null, ""salary_currency"": null, ""salary_low_usd"": null, ""salary_high_usd"": null, ""salary_time_unit"": null}",manager,closed,[],Supervisor Plant - GM,Plant Supervisor - GM,https://career.astra.co.id/lowongan/lowongan-detail-page/14758/Supervisor%20Plant%20-%20GM
astra.co.id,"[""operations""]",astra.co.id,"[""internship"", ""onsite""]","### Intern PPIC - GM

Production and Manufacturing

Lulusan Baru

Batas Lamar : 23 Agustus 2026

Lowongan / Detail pekerjaan

### Intern PPIC - GM

PT Gaya Motor

Production and Manufacturing

Lulusan Baru

Batas Lamar: 23 Agustus 2026

### Deskripsi Pekerjaan

1. Membantu proses perencanaan dan penjadwalan produksi agar sesuai dengan kebutuhan pelanggan dan kapasitas produksi.
2. Mendukung pemantauan dan pengendalian persediaan bahan baku, barang dalam proses (WIP), dan barang jadi.
3. Mengumpulkan, memperbarui, dan menganalisis data produksi serta inventaris untuk mendukung pengambilan keputusan operasional.
4. Berkoordinasi dengan tim Produksi, Warehouse, Purchasing, dan Quality untuk memastikan kelancaran proses rantai pasok.
5. Menyiapkan laporan harian, mingguan, dan bulanan terkait aktivitas serta kinerja PPIC.
6. Berpartisipasi dalam inisiatif perbaikan berkelanjutan (continuous improvement) guna meningkatkan produktivitas dan efisiensi operasional.
7. Membantu menyiapkan presentasi, laporan, dan visualisasi data untuk kebutuhan review manajemen.

### Persyaratan

1. Mahasiswa tingkat akhir atau lulusan baru (Fresh Graduate) jurusan Teknik Industri.
2. Memiliki pemahaman dasar mengenai Production Planning, Inventory Control, Supply Chain Management, dan proses manufaktur.
3. Mampu mengoperasikan Microsoft Office, khususnya **Excel** (Pivot Table, VLOOKUP/XLOOKUP) dan **PowerPoint**.
4. Mampu menggunakan Canva untuk membuat presentasi dan laporan visual yang profesional.
5. Memiliki kemampuan analitis dan pemecahan masalah yang baik serta teliti dalam bekerja.
6. Memiliki kemampuan komunikasi dan kerja sama tim yang baik.
7. Bersedia menjalani program magang selama 6 bulan dan bersedia ditempatkan di area Karawang.

### Tentang Perusahaan

#### PT Gaya Motor

PT Gaya Motor is an authorized general assembler in Indonesia. Established in 1969 as the first automotive assembler of PT Astra International, it has maintained its legacy of excellence for over five decades. PT Gaya Motor offers a comprehensive range of assembly services, including welding (roboti...

#### Alamat Kantor

Jl Gaya Motor Raya No 3 Sungai Bambu Kec Tj Priok Jkt Utara Daerah Khusus Ibukota Jakarta 14330

#### Industri

Otomotif

#### Website

https://gayamotor.astra.co.id/",2026-08-19T18:28:48Z,f15d3ee8-79d2-4f95-b7b3-76373dc8acab,id,2026-08-22T22:37:23Z,2026-08-19T18:53:34Z,"Indonesia, South-eastern Asia, Asia","[{""city"": null, ""state"": null, ""zip_code"": null, ""country"": ""Indonesia"", ""region"": ""South-eastern Asia"", ""continent"": ""Asia"", ""fuzzy_match"": false}]",PPIC Intern - General Manager,"{""code"": ""11-2021.00"", ""family"": ""Management"", ""occupation_name"": ""Marketing Managers""}",,"{""name"": null, ""title"": null, ""contact"": null}",,"{""salary_low"": null, ""salary_high"": null, ""salary_currency"": null, ""salary_low_usd"": null, ""salary_high_usd"": null, ""salary_time_unit"": null}",junior,closed,"[""Internship""]",Intern PPIC - GM,PPIC Intern - GM,https://career.astra.co.id/lowongan/lowongan-detail-page/14759/Intern%20PPIC%20-%20GM
astra.co.id,"[""operations""]",astra.co.id,"[""full_time""]","### Asset Management Officer - GSI

PT Global Service Indonesia

General Affair

Lulusan Baru & Profesional

Batas Lamar: 31 Desember 2026

### Deskripsi Pekerjaan

* Mengelola dan mengeksekusi aset operasional perusahaan, baik di Head Office maupun kantor cabang.
* Mendata pencapaian dan realisasi aktualisasi budget GA-CAPEX (anggaran investasi aset untuk kebutuhan operasional dan fasilitas perusahaan).
* Melakukan inventarisasi dan dokumentasi terkait pengadaan aset.
* Melaksanakan stock taking aset secara harian, bulanan, dan tahunan.
* Melakukan review secara berkala terhadap fungsi kelistrikan dan panel bersama teknisi terkait fasilitas kantor.

### Persyaratan

* Pendidikan D3 Teknik Elektro/Kelistrikan.
* Memiliki pengalaman kerja minimal 1 tahun di bidang terkait, khususnya dalam pengelolaan aset, fasilitas, atau pekerjaan operasional yang relevan.
* Memahami dasar-dasar sistem dan instalasi kelistrikan.
* Memiliki kemampuan dalam administrasi, pendataan, dan pengelolaan aset.

### Tentang Perusahaan

#### PT Global Service Indonesia

PT Global Service Indonesia (GSI) was established in December 24, 2014 under Yayasan Karya Bakti United Tractors (Member of ASTRA) which provide Manpower Solution, Digital Solution and Process Solution.

#### Alamat Kantor

Jalan Raya Bekasi KM 22 Cakung Jakarta Timur DKI Jakarta 13910

#### Industri

AHEMCE

#### Website

https://globalservice.co.id",2026-08-19T18:28:48Z,088a5a9a-9a15-4386-b8c3-a0a01e8433ae,id,2026-08-22T22:37:40Z,2026-08-27T19:12:03Z,"Jakarta, Indonesia, South-eastern Asia, Asia","[{""city"": ""Jakarta"", ""state"": null, ""zip_code"": null, ""country"": ""Indonesia"", ""region"": ""South-eastern Asia"", ""continent"": ""Asia"", ""fuzzy_match"": false}]",Asset Management Officer - GSI,"{""code"": ""13-2051.00"", ""family"": ""Business and Financial Operations"", ""occupation_name"": ""Financial and Investment Analysts""}",,"{""name"": null, ""title"": null, ""contact"": null}",,"{""salary_low"": null, ""salary_high"": null, ""salary_currency"": null, ""salary_low_usd"": null, ""salary_high_usd"": null, ""salary_time_unit"": null}",mid_senior,closed,[],Asset Management Officer - GSI,Asset Management Officer - GSI,https://career.astra.co.id/lowongan/lowongan-detail-page/14772/Asset%20Management%20Officer%20-%20GSI
astra.co.id,"[""finance""]",astra.co.id,"[""full_time""]","### Tax Analyst Associate - UTPE

Accounting and Tax

Lulusan Baru

Batas Lamar : 31 Desember 2026

Lowongan / Detail pekerjaan

### Tax Analyst Associate - UTPE

United Tractors Pandu Engineering

Accounting and Tax

Lulusan Baru

Batas Lamar: 31 Desember 2026

### Deskripsi Pekerjaan

1. Memproses dan mengelola kewajiban perpajakan PPh dan PPN/VAT.
2. Melakukan validasi transaksi dan dokumen dari aspek perpajakan.
3. Menyusun perhitungan, rekonsiliasi, dan laporan perpajakan.
4. Mengelola administrasi dan dokumentasi perpajakan perusahaan.
5. Berkoordinasi dengan Finance, Accounting, Purchasing, dan Operational terkait transaksi perpajakan.

### Persyaratan

1. S1 Akuntansi, Perpajakan, Keuangan, atau bidang terkait, dengan pengalaman 1-3 tahun di bidang perpajakan.
2. Memahami PPh, PPN/VAT, dasar akuntansi, dan jurnal.
3. Teliti, analitis, berintegritas tinggi, dan mampu bekerja dengan deadline ketat.
4. Menguasai Microsoft Excel dan memiliki kemampuan komunikasi serta koordinasi yang baik.
5. Memiliki Brevet A & B; Brevet C dan sedang menjalani USKP A/B menjadi nilai tambah/prioritas.

### Tentang Perusahaan

#### United Tractors Pandu Engineering

PT United Tractors Pandu Engineering through its brand, PATRiA was established in February 8, 1983. It was initially built to meet the increasing demand of industries development in Indonesia. As one of Indonesia's leading company in heavy equipment manufacturing engineering, PATRiA provides solut...

#### Alamat Kantor

Jl Jababeka XI Blok H 30 sd 40 Kawasan Industri Jababeka Cikarang 17530 Indonesia

#### Industri

AHEMCE

#### Website

https://www.patria.co.id/",2026-08-16T18:21:12Z,2b9973bf-6f2d-436c-af81-5d1a27977d8d,id,2026-08-19T20:03:25Z,2026-08-19T18:34:59Z,"Indonesia, South-eastern Asia, Asia","[{""city"": null, ""state"": null, ""zip_code"": null, ""country"": ""Indonesia"", ""region"": ""South-eastern Asia"", ""continent"": ""Asia"", ""fuzzy_match"": false}]",TAX Analyst Associate - UTPE,"{""code"": ""13-2081.00"", ""family"": ""Business and Financial Operations"", ""occupation_name"": ""Tax Examiners and Collectors, and Revenue Agents""}",,"{""name"": null, ""title"": null, ""contact"": null}",,"{""salary_low"": null, ""salary_high"": null, ""salary_currency"": null, ""salary_low_usd"": null, ""salary_high_usd"": null, ""salary_time_unit"": null}",mid_senior,closed,[],Tax Analyst Associate - UTPE,Tax Analyst Associate - UTPE,https://career.astra.co.id/lowongan/lowongan-detail-page/14756/Tax%20Analyst%20Associate%20-%20UTPE
astra.co.id,"[""military_and_protective_services""]",astra.co.id,"[""full_time""]","### Security Supervisor Denpasar - SIGAP

Sigap Prima Astrea

Human Capital

Profesional

Batas Lamar: 31 Desember 2026

### Deskripsi Pekerjaan

1. Melakukan penilaian keamanan dan menyiapkan laporan sesuai dengan kebutuhan perusahaan
2. Mengelola proses mobilisasi dan demobilisasi petugas keamanan (SG), termasuk rekrutmen, penyediaan peralatan, serta pelaksanaan SOP keamanan
3. Mengkoordinasikan pelaksanaan SOP dan pemenuhan Service Level Agreement (SLA), termasuk kunjungan lokasi, patroli, pelatihan, tes kebugaran, dan kegiatan terkait lainnya
4. Menangani keluhan petugas keamanan dan pelanggan (voice of security guard & voice of customer), termasuk penanganan insiden dan kecelakaan sesuai dengan SLA yang berlaku
5. Berpartisipasi dalam pelaksanaan PDCA regional dan berkontribusi dalam pengembangan KPI, IPP, serta rencana kegiatan tim

### Persyaratan

1. Gelar Sarjana (S1) di bidang Manajemen atau bidang terkait
2. Pengalaman minimal 2 tahun sebagai Supervisor Keamanan
3. Pemahaman yang kuat tentang keterampilan keamanan dasar, hubungan industrial, investigasi dan manajemen kasus, keselamatan dan kesehatan kerja (K3), serta penilaian keamanan
4. Mampu menangani keluhan dan berkoordinasi dengan efektif dengan pelanggan
5. Mahir dalam Microsoft Office (terutama Word, Excel, dan PowerPoint) serta mampu menyusun laporan kerja yang detail
6. Memiliki keterampilan kepemimpinan yang kuat dan kemampuan pemecahan masalah
7. Memiliki Sertifikasi Gada Utama lebih diutamakan

### Tentang Perusahaan

#### Sigap Prima Astrea

Inspired by the need of security guard service in Astra Corporate Group who whishes standardization for security personnel, especially in terms of management and personnel legality. In 2002 cooperative employee established PT SIGAP PRIMA ASTREA, The beginning PT SIGAP PRIMA ASTREA concentrated on fu...

#### Alamat Kantor

Jl Gaya Motor II No 1 Sunter II Tanjung Priok Jakarta Utara 14330

#### Industri

Yayasan

#### Website

-

Lihat Detail Perusahaan",2026-08-13T18:13:34Z,f2d7e189-4a5d-48ff-9c95-57b46b5c66f5,id,2026-08-16T19:40:36Z,2026-08-19T18:34:59Z,"Denpasar, Indonesia, South-eastern Asia, Asia","[{""city"": ""Denpasar"", ""state"": null, ""zip_code"": null, ""country"": ""Indonesia"", ""region"": ""South-eastern Asia"", ""continent"": ""Asia"", ""fuzzy_match"": false}]",Security Supervisor,"{""code"": ""33-1091.00"", ""family"": ""Protective Service"", ""occupation_name"": ""First-Line Supervisors of Security Workers""}",,"{""name"": null, ""title"": null, ""contact"": null}",,"{""salary_low"": null, ""salary_high"": null, ""salary_currency"": null, ""salary_low_usd"": null, ""salary_high_usd"": null, ""salary_time_unit"": null}",manager,closed,[],Security Supervisor Denpasar - SIGAP,Security Supervisor,https://career.astra.co.id/lowongan/lowongan-detail-page/14715/Security%20Supervisor%20Denpasar%20-%20SIGAP
astra.co.id,"[""manual_work""]",astra.co.id,[]," **Deskripsi Pekerjaan**  
  

- Menyusun dan melakukan standarisasi proses blasting & painting sesuai dengan standar kualitas dan prosedur perusahaan. 
- Membuat dan mengembangkan Work Instruction (WI) sebagai pedoman operasional bagi tim produksi. 
- Menghitung serta menganalisis kebutuhan manhours dan lead time pekerjaan blasting & painting. 
- Melakukan monitoring implementasi proses serta menyusun evaluasi dan review proses secara berkala untuk perbaikan berkelanjutan. 
- Mengembangkan dan meningkatkan alat bantu proses guna mendukung efektivitas dan efisiensi operasional. 
- Melakukan studi dan inisiatif improvement untuk mempercepat lead time pekerjaan blasting & painting.   
  
**Persyaratan**  
  

- Pendidikan minimal S1 Teknik Perkapalan, Teknik Industri, atau jurusan teknik relevan lainnya. 
- Memahami standar industri perkapalan serta rules dan regulasi yang berlaku. 
- Diutamakan memiliki pengalaman kerja minimal 1 tahun di bidang terkait. 
- Memahami proses blasting & painting di industri manufaktur/shipyard.
",2026-08-13T10:00:00Z,7177064b-db51-49ff-be6b-3a102c8c2fca,id,2026-08-30T04:00:00Z,2026-08-30T04:00:00Z,"Jakarta, Jakarta, Indonesia",[],Blasting and Painting Project Management Professional,"{""code"": ""51-9124.00"", ""family"": ""Production"", ""occupation_name"": ""Coating, Painting, and Spraying Machine Setters, Operators, and Tenders""}",2026-08-06T00:38:15Z,"{""name"": null, ""title"": null, ""contact"": null}",,"{""salary_low"": null, ""salary_high"": null, ""salary_currency"": null, ""salary_low_usd"": null, ""salary_high_usd"": null, ""salary_time_unit"": null}",junior,,[],PE Blasting Painting - PMP,Blasting and Painting Project Management Professional,https://www.linkedin.com/jobs/view/4448395307/
astra.co.id,"[""legal""]",astra.co.id,"[""full_time""]","### ATN - Legal Analyst for Operation

Legal

Profesional

Batas Lamar : 31 Desember 2026

Lowongan / Detail pekerjaan

### ATN - Legal Analyst for Operation

Astra Tol Nusantara

Legal

Profesional

Batas Lamar: 31 Desember 2026

### Deskripsi Pekerjaan

Bertanggungjawab dalam mengkaji, menganalisis, serta mengelola dokumen dan kebijakan hukum guna memitigasi risiko bisnis perusahaan. Peran ini mencakup penyusunan dan evaluasi draft perjanjian atau kontrak dengan pihak eksternal serta dokumen internal korporasi (seperti RUPS, risalah rapat direksi/ dewan komisaris, dan persetujuan sirkuler dari organ persetoan), pemberian nasihat hukum berbasis regulasi terkini, asistensi litigasi, pengurusan perizinan serta pemantauan perubahan peraturan perundang-undangan dan menyajikan laporan legal berkala.

### Persyaratan

* Pendidikan minimal S1 jurusan Ilmu Hukum
* Memiliki pengalaman dalam bidang Legal minimal 3 tahun
* Memahami Undang-Undang Perseroan Terbatas, Undang-Undang Ketenagakerjaan, serta pengetahuan maupun kompetensi hukum korporasi lainnya
* Menguasai computer literacy (khususnya Ms Office)
* Menguasai english writing
* Bersedia untuk ditempatkan di seluruh wilayah operasional perusahaan

### Tentang Perusahaan

#### Astra Tol Nusantara

Astra Infra has more than 25 years of experience as an investor-operator in the Indonesian infrastructure sector. Astra Infra is wholly owned by PT Astra International Tbk. To reflect the development of its business portfolio, in 2018 Astra Infra organized its business lines into Toll Road and Non-T...

#### Alamat Kantor

#### Industri

#### Website

http://www.astrainfra.co.id/",2026-08-12T17:52:17Z,3f93fca1-9c09-40eb-b318-ef59354e2d9b,en,2026-08-30T03:28:05Z,2026-08-30T03:28:05Z,"Indonesia, South-eastern Asia, Asia","[{""city"": null, ""state"": null, ""zip_code"": null, ""country"": ""Indonesia"", ""region"": ""South-eastern Asia"", ""continent"": ""Asia"", ""fuzzy_match"": false}]",Legal Analyst,"{""code"": ""23-2011.00"", ""family"": ""Legal"", ""occupation_name"": ""Paralegals and Legal Assistants""}",,"{""name"": null, ""title"": null, ""contact"": null}",,"{""salary_low"": null, ""salary_high"": null, ""salary_currency"": null, ""salary_low_usd"": null, ""salary_high_usd"": null, ""salary_time_unit"": null}",mid_senior,,[],ATN - Legal Analyst for Operation,,https://career.astra.co.id/lowongan/lowongan-detail-page/14744/ATN%20-%20Legal%20Analyst%20for%20Operation
astra.co.id,"[""marketing""]",astra.co.id,"[""internship""]","### Marketing Communication Intern - GM

PT Gaya Motor

Marketing

Lulusan Baru

Batas Lamar: 16 Agustus 2026

### Deskripsi Pekerjaan

1. Mendukung pelaksanaan aktivitas Marketing & Corporate Communications sesuai dengan strategi komunikasi dan brand guideline perusahaan
2. Membantu pengelolaan konten komunikasi perusahaan pada kanal digital (Instagram, LinkedIn, Website, Astra Magazine), termasuk riset konten, penulisan caption, dan penjadwalan publikasi
3. Mendukung penyusunan materi komunikasi korporat, seperti poster, artikel singkat, dan materi publikasi internal maupun eksternal
4. Membantu dokumentasi kegiatan perusahaan (event, aktivitas internal, program komunikasi, dan kampanye perusahaan
5. Melakukan monitoring dan rekap performa konten komunikasi (insight dasar, engagement, dan reach) sebagai bahan evaluasi
6. Mendukung kerapihan administrasi dan pengarsipan materi komunikasi, termasuk aset brand dan dokumen pendukung lainnya.

### Persyaratan

* Mahasiswa atau fresh graduate S1 jurusan Ilmu Komunikasi, Marketing, Desain Komunikasi Visual, atau jurusan relevan
* Memiliki ketertarikan pada bidang branding, komunikasi korporat, dan media komunikasi digital
* Mampu menyusun tulisan yang rapi dan komunikatif
* Terbiasa menggunakan tools desain seperti Adobe (Photoshop / Illustrator), Canva dan video editing seperti CapCut dan sejenisnya
* Memiliki sikap kerja yang baik, teliti, bertanggung jawab, dan mampu bekerja sama dalam tim.

### Tentang Perusahaan

#### PT Gaya Motor

PT Gaya Motor is an authorized general assembler in Indonesia. Established in 1969 as the first automotive assembler of PT Astra International, it has maintained its legacy of excellence for over five decades. PT Gaya Motor offers a comprehensive range of assembly services, including welding (roboti...

#### Alamat Kantor

Jl Gaya Motor Raya No 3 Sungai Bambu Kec Tj Priok Jkt Utara Daerah Khusus Ibukota Jakarta 14330

#### Industri

Otomotif

#### Website

https://gayamotor.astra.co.id/",2026-08-11T17:41:10Z,8afddbbe-acc9-411e-aa58-7a84fe58070c,id,2026-08-14T19:09:21Z,2026-08-19T18:34:59Z,"Jakarta, Indonesia, South-eastern Asia, Asia","[{""city"": ""Jakarta"", ""state"": null, ""zip_code"": null, ""country"": ""Indonesia"", ""region"": ""South-eastern Asia"", ""continent"": ""Asia"", ""fuzzy_match"": false}]",Marketing Communication Intern - General Manager,"{""code"": ""27-3031.00"", ""family"": ""Arts, Design, Entertainment, Sports, and Media"", ""occupation_name"": ""Public Relations Specialists""}",,"{""name"": null, ""title"": null, ""contact"": null}",,"{""salary_low"": null, ""salary_high"": null, ""salary_currency"": null, ""salary_low_usd"": null, ""salary_high_usd"": null, ""salary_time_unit"": null}",junior,closed,"[""Internship""]",Marketing Communication Intern - GM,Marketing Communication Intern - GM,https://career.astra.co.id/lowongan/lowongan-detail-page/14723/Marketing%20Communication%20Intern%20-%20GM
astra.co.id,"[""human_resources"", ""internship""]",astra.co.id,"[""internship"", ""onsite""]","### Intern HR - GM

Human Capital

Lulusan Baru & Profesional

Batas Lamar : 16 Agustus 2026

Lowongan / Detail pekerjaan

### Intern HR - GM

PT Gaya Motor

Human Capital

Lulusan Baru & Profesional

Batas Lamar: 16 Agustus 2026

### Deskripsi Pekerjaan

1. Support kegiatan rutin performance management, khususnya dalam pengecekan dan pengolahan data.
2. Pembuatan konten kreatif terkait budaya perusahaan (video, poster, dan media komunikasi internal lainnya).
3. Support persiapan dan pelaksanaan program-program budaya perusahaan.
4. Support pelaksanaan survey internal perusahaan (employee survey & survey lainnya).
5. Support proses update dan dokumentasi job description karyawan.
6. Support proses update struktur organisasi company level (up to GL level).
7. Support pengelolaan aktivitas Organization Development lainnya seperti EVP, standar kompetensi, kelompok jabatan, dan lainnya.

### Persyaratan

* Mahasiswa aktif semester 5/6 atau fresh graduate S1 dari jurusan Psikologi / Manajemen SDM / Teknik Industri
* Menguasai Microsoft Office, terutama Excel untuk pengolahan data
* Menguasai tools design seperti Canva & CapCut untuk mendukung pembuatan konten internal perusahaan
* Memiliki ketertarikan pada bidang organization development, budaya perusahaan, dan performance management
* Detail-oriented, khususnya dalam pengolahan dan monitoring data
* Proaktif, kreatif, dan memiliki inisiatif tinggi dalam bekerja
* Mampu bekerja secara kolaboratif dan memiliki komunikasi yang baik.
* Bersedia menjalankan magang secara Onsite selama 6 bulan mulai bulan April 2026",2026-08-11T17:41:10Z,10ff5043-6760-4024-afc4-8b2eac0e26cb,id,2026-08-30T00:20:17Z,2026-08-30T00:20:17Z,"Jakarta, Indonesia, South-eastern Asia, Asia","[{""city"": ""Jakarta"", ""state"": null, ""zip_code"": null, ""country"": ""Indonesia"", ""region"": ""South-eastern Asia"", ""continent"": ""Asia"", ""fuzzy_match"": false}]",HR Intern,"{""code"": ""43-4161.00"", ""family"": ""Office and Administrative Support"", ""occupation_name"": ""Human Resources Assistants, Except Payroll and Timekeeping""}",,"{""name"": null, ""title"": null, ""contact"": null}",,"{""salary_low"": null, ""salary_high"": null, ""salary_currency"": null, ""salary_low_usd"": null, ""salary_high_usd"": null, ""salary_time_unit"": null}",junior,,"[""Internship"", ""HRIS""]",Intern HR - GM,HR Intern - GM,https://career.astra.co.id/lowongan/lowongan-detail-page/14721/Intern%20HR%20-%20GM
astra.co.id,"[""engineering""]",astra.co.id,"[""internship"", ""onsite""]","### Intern HSE - GM

PT Gaya Motor

Enviroment, Health, and Safety

Lulusan Baru

Batas Lamar: 16 Agustus 2026

### Deskripsi Pekerjaan

1. Membantu dokumentasi dokumen-dokumen HSE
2. Membantu membuat laporan HSE
3. Membantu menyiapkan materi safety campaign
4. Ikut safety patrol / inspeksi area kerja
5. Membantu mencatat temuan bahaya di lapangan
6. Membantu laporan kinerja lingkungan kerja & K3 perusahaan
7. Support data sustainability index
8. Memberi ide improvement terkait safety & K3
9. Update materi training Safety, 5S & Lingkungan
10. Berkolaborasi dengan tim lintas fungsi untuk mengidentifikasi dan mengimplementasikan peluang perbaikan

### Persyaratan

1. Mahasiswa Sarjana aktif (minimal semester 7) atau lulusan baru dari jurusan Teknik Lingkungan, Kesehatan dan Keselamatan Kerja (K3), atau Kesehatan Masyarakat
2. Memiliki kemampuan analisis & dokumentasi yang baik
3. Memahami prinsip-prinsip dasar HSE
4. Mahir menggunakan Microsoft Excel, PowerPoint, Canva, dan alat visualisasi data
5. Teliti, proaktif, dan mampu bekerja sama dalam tim
6. Memiliki kemampuan komunikasi yang baik, integritas tinggi, dan disiplin
7. Bersedia bekerja di lapangan
8. Bersedia ditempatkan onsite (wilayah Sunter, Jakarta Utara)
9. Bersedia menjalani masa magang selama 6 bulan",2026-08-11T17:41:10Z,5aeee5fe-1fdf-4b10-b3d4-952feace8f81,id,2026-08-14T19:10:39Z,2026-08-19T18:34:59Z,"Jakarta, Indonesia, South-eastern Asia, Asia","[{""city"": ""Jakarta"", ""state"": null, ""zip_code"": null, ""country"": ""Indonesia"", ""region"": ""South-eastern Asia"", ""continent"": ""Asia"", ""fuzzy_match"": false}]",HSE Intern,"{""code"": ""17-2111.00"", ""family"": ""Architecture and Engineering"", ""occupation_name"": ""Health and Safety Engineers, Except Mining Safety Engineers and Inspectors""}",,"{""name"": null, ""title"": null, ""contact"": null}",,"{""salary_low"": null, ""salary_high"": null, ""salary_currency"": null, ""salary_low_usd"": null, ""salary_high_usd"": null, ""salary_time_unit"": null}",junior,closed,"[""Internship""]",Intern HSE - GM,HSE Intern - GM,https://career.astra.co.id/lowongan/lowongan-detail-page/14722/Intern%20HSE%20-%20GM
astra.co.id,"[""marketing""]",astra.co.id,"[""full_time"", ""onsite""]","### Digital Engagement Specialist - GSI

PT Global Service Indonesia

Communication

Lulusan Baru & Profesional

Batas Lamar: 31 Desember 2026

### Deskripsi Pekerjaan

* Melakukan monitoring terhadap pemberitaan di media massa dan percakapan di berbagai platform media sosial terkait United Tractors dan Grup United Tractors.
* Memantau tren, isu, dan sentimen publik yang berkembang serta mengidentifikasi potensi dampaknya terhadap perusahaan dan reputasi perusahaan.
* Melakukan pemantauan aktivitas kompetitor di media massa maupun media sosial, termasuk strategi marketing, kampanye komunikasi, kegiatan CSR, target penjualan, produk, serta aktivitas bisnis lainnya.
* Melakukan analisis terhadap hasil media monitoring dan social listening untuk menghasilkan insight yang relevan dan dapat digunakan sebagai bahan pengambilan keputusan.
* Mendistribusikan informasi, data, dan insight strategis kepada departemen terkait, seperti Marketing, Investor Relations, Legal, dan departemen lainnya sesuai kebutuhan.
* Melakukan early detection terhadap potensi isu, pemberitaan negatif, maupun krisis komunikasi yang dapat berdampak terhadap perusahaan.
* Memberikan insight dan rekomendasi awal terkait potensi isu atau krisis berdasarkan hasil monitoring dan analisis.
* Melakukan stakeholder mapping dan analysis terhadap media, influencer, komunitas, maupun pihak lain yang memiliki pengaruh terhadap percakapan publik dan industri.
* Mengolah data hasil monitoring menjadi laporan yang sistematis dan mudah dipahami, baik laporan rutin bulanan maupun laporan insidental terkait isu tertentu.
* Menyajikan hasil analisis dalam bentuk report, presentation, atau dashboard yang dapat memberikan actionable insight bagi internal tim maupun departemen terkait.
* Memantau perkembangan isu dan tren pada industri alat berat, pertambangan, dan energi serta mengidentifikasi informasi yang relevan bagi perusahaan.
* Melakukan pekerjaan analisis dan monitoring lainnya yang berkaitan dengan kebutuhan Digital Engagement Center.

### Persyaratan

* Minimal pendidikan S1, diutamakan dari jurusan Ilmu Komunikasi, Public Relations/Hubungan Masyarakat, Jurnalistik, Marketing Communication, Digital Communication, atau jurusan lain yang relevan.
* Memiliki pengalaman minimal 1 - 2 tahun di bidang Media Monitoring, Social Listening, Public Relations/PR Agency, Corporate Communication, Digital Analyst, atau bidang terkait.
* Memahami proses media monitoring dan social listening, termasuk monitoring pemberitaan, percakapan media sosial, tren, isu, dan sentiment analysis.
* Familiar menggunakan tools media monitoring/social listening seperti Brand24, Talkwalker, Meltwater, Kazee Digital Intelligence, atau tools sejenis.
* Mampu melakukan competitive intelligence dan menganalisis aktivitas kompetitor dari berbagai sumber informasi, khususnya media massa dan media sosial.
* Mampu mengolah dan menganalisis data menggunakan Microsoft Excel atau Google Sheets.
* Mampu mengubah data hasil monitoring menjadi insight dan rekomendasi yang relevan bagi kebutuhan bisnis.- Mampu menyusun laporan secara sistematis, jelas, dan mudah dipahami, baik untuk kebutuhan rutin maupun ketika terdapat isu tertentu.
* Memiliki kemampuan analytical thinking, critical thinking, dan attention to detail yang baik.
* Memiliki kemampuan komunikasi dan penulisan yang baik serta mampu menyampaikan hasil analisis kepada stakeholder internal.
* Memiliki kepekaan terhadap perkembangan isu publik, tren media sosial, pemberitaan, dan digital trends.
* Memiliki ketertarikan atau pemahaman terhadap industri alat berat, pertambangan, energi, serta isu bisnis dan ekonomi yang berkaitan dengan industri tersebut.
* Mampu bekerja secara mandiri maupun berkolaborasi dengan berbagai departemen dan mampu bekerja dengan deadline, termasuk ketika menangani isu yang membutuhkan respons cepat.
* Bersedia bekerja di Head Office, Jakarta.",2026-08-11T17:41:10Z,80c6837e-b252-4950-9767-a6eaccbbec24,id,2026-08-29T22:30:36Z,2026-08-27T22:23:50Z,"Jakarta, Indonesia, South-eastern Asia, Asia","[{""city"": ""Jakarta"", ""state"": null, ""zip_code"": null, ""country"": ""Indonesia"", ""region"": ""South-eastern Asia"", ""continent"": ""Asia"", ""fuzzy_match"": false}]",Digital Engagement Specialist,"{""code"": ""13-1161.01"", ""family"": ""Business and Financial Operations"", ""occupation_name"": ""Search Marketing Strategists""}",,"{""name"": null, ""title"": null, ""contact"": null}",,"{""salary_low"": null, ""salary_high"": null, ""salary_currency"": null, ""salary_low_usd"": null, ""salary_high_usd"": null, ""salary_time_unit"": null}",mid_senior,,[],Digital Engagement Specialist - GSI,Digital Engagement Specialist - GSI,https://career.astra.co.id/lowongan/lowongan-detail-page/14724/Digital%20Engagement%20Specialist%20-%20GSI
astra.co.id,"[""operations""]",astra.co.id,[]," **Deskripsi Pekerjaan**  
  

- Mengkoordinir monthly meeting antara direksi perusahaan dengan stakeholder terkait operasional.
- Membuat, mengontrol, dan melaporkan KPI operasional kepada vendor terkait.
- Review seluruh project dan target agreement.
- Koordinasi dengan stakeholder untuk setiap kunjungan dari pihak eksternal.
- Mengontrol dan berkoordinasi dalam menangani temuan audit.
- Melakukan pendampingan team Technical & Quality dalam proses audit di vendor terkait.  
  
**Persyaratan**  
  

- Min. S1 Teknik Industri/Manajemen.
- Pengalaman min. 1 tahun di bidang terkait.
- Menguasai Bahasa Inggris, baik secara lisan maupun tulisan.
- Analisa yang kuat, kemampuan berkomunikasi, dan cepat belajar.
- Kepemimpinan yang kuat, relasi luas, dan kemampuan interpersonal baik.
- Tertarik dengan industri otomotif dan logistik.
",2026-08-09T11:03:19Z,dffc17b4-ff5a-45b3-92f3-e2680ebe6eec,id,2026-08-29T04:00:00Z,2026-08-29T04:00:00Z,"Jakarta, Jakarta, Indonesia",[],Logistic Project Analyst - TSM,"{""code"": ""13-1081.02"", ""family"": ""Business and Financial Operations"", ""occupation_name"": ""Logistics Analysts""}",2026-08-06T23:02:21Z,"{""name"": null, ""title"": null, ""contact"": null}",,"{""salary_low"": null, ""salary_high"": null, ""salary_currency"": null, ""salary_low_usd"": null, ""salary_high_usd"": null, ""salary_time_unit"": null}",mid_senior,,[],Logistic Project Analyst - TSM,Logistic Project Analyst - TSM,https://www.linkedin.com/jobs/view/4449035013/
astra.co.id,"[""human_resources""]",astra.co.id,[]," **Deskripsi Pekerjaan**  
  
**This is a TALENT POOL, yet this vacancy includes but not limited to:**  **Persyaratan**  
  

- Recruitment Management
- Mengelola proses rekrutmen end to end dari sourcing hingga onboarding
- Melakukan screening dan asesmen kandidat sesuai kebutuhan posisi dan budaya perusahaan
- Berkoordinasi dengan user serta mengelola data rekrutmen
- Training and Development Management
- Merencanakan dan melaksanakan program pelatihan sesuai kebutuhan organisasi
- Mengevaluasi efektivitas pelatihan serta mendukung pengembangan karyawan
- Mengelola kegiatan pembelajaran dan administrasi pelatihan
- Industrial Relation and Termination
- Menangani hubungan industrial dan memastikan kepatuhan terhadap peraturan ketenagakerjaan
- Mengelola proses disiplin dan penyelesaian konflik karyawan
- Mendukung proses terminasi termasuk administrasi dan prosedur exit karyawan
- Lulusan baru atau maksimal 2 tahun pengalaman kerja di bidang yang sama
- Minimal Lulusan Sarjana (S1) dengan Jurusan Psikologi, Manajemen, Teknik Industri, atau Hukum
- Min. IPK 3.00 dari 4.00
",2026-08-08T10:00:00Z,993d6a40-e721-4657-836d-492a02d2960c,id,2026-08-30T04:00:00Z,2026-08-30T04:00:00Z,"Jakarta, Jakarta, Indonesia",[],Human Capital - AOP,"{""code"": ""11-3121.00"", ""family"": ""Management"", ""occupation_name"": ""Human Resources Managers""}",2026-08-06T16:52:14Z,"{""name"": null, ""title"": null, ""contact"": null}",,"{""salary_low"": null, ""salary_high"": null, ""salary_currency"": null, ""salary_low_usd"": null, ""salary_high_usd"": null, ""salary_time_unit"": null}",mid_senior,,[],Human Capital - AOP,Human Capital - AOP,https://www.linkedin.com/jobs/view/4450626013/
astra.co.id,"[""manual_work"", ""food""]",astra.co.id,[]," **Deskripsi Pekerjaan**  
  

- Menyusun dan mengembangkan detail routing system perpipaan pada kapal sesuai standar dan spesifikasi teknis. 
- Membuat dan menyusun Work Instruction (WI) sebagai pedoman pelaksanaan pekerjaan piping. 
- Menghitung serta menganalisis kebutuhan manhours dan lead time pekerjaan piping. 
- Melakukan monitoring pelaksanaan proses serta menyusun review dan evaluasi proses secara berkala. 
- Mengembangkan dan meningkatkan jig/alat bantu produksi untuk mendukung efisiensi pekerjaan piping. 
- Melakukan problem solving terhadap kendala teknis maupun operasional di area piping.   
  
**Persyaratan**  
  

- Pendidikan minimal S1 Teknik Perkapalan / Marine Engineering atau jurusan teknik relevan lainnya. 
- Memahami standar industri perkapalan serta rules dan regulasi yang berlaku. 
- Diutamakan memiliki pengalaman kerja minimal 1 tahun di bidang terkait, khususnya piping system. 
- Memiliki pemahaman yang baik mengenai sistem perpipaan (piping system) pada kapal.
",2026-08-08T10:00:00Z,ff0fb114-89b2-40cc-843f-e735c24d7884,id,2026-08-30T04:00:00Z,2026-08-30T04:00:00Z,"Jakarta, Jakarta, Indonesia",[],Piping Project Manager,"{""code"": ""47-2151.00"", ""family"": ""Construction and Extraction"", ""occupation_name"": ""Pipelayers""}",2026-08-06T09:52:18Z,"{""name"": null, ""title"": null, ""contact"": null}",,"{""salary_low"": null, ""salary_high"": null, ""salary_currency"": null, ""salary_low_usd"": null, ""salary_high_usd"": null, ""salary_time_unit"": null}",junior,,[],PE Piping - PMP,Piping Project Manager,https://www.linkedin.com/jobs/view/4448395386/
astra.co.id,"[""engineering""]",astra.co.id,"[""full_time""]","### Service Technical Analyst - DSO

Astra International - Daihatsu Sales Operation

Engineering

Lulusan Baru/Mahasiswa

Batas Lamar: 30 Januari 2027

### Deskripsi Pekerjaan

* Mendukung proses analisa dan penanganan warranty claim sesuai standar perusahaan.
* Berkoordinasi dengan tim internal dan ATPM untuk penyelesaian kasus technical serta memberikan konsultasi kepada jaringan bengkel.
* Mengembangkan, mengevaluasi, dan meningkatkan standar service tools dan equipment bengkel sesuai kebutuhan bisnis.
* Mengelola kebutuhan pengadaan service tools dan workshop equipment untuk mendukung operasional layanan.
* Mendukung penyusunan fasilitas dan kebutuhan teknis dalam pembangunan bengkel baru.

### Persyaratan

* S1 Teknik Mesin dan jurusan teknik lainnya yang relevan.
* Terbuka untuk Fresh Graduate atau memiliki pengalaman kerja maksimal 2 tahun.
* Memiliki pemahaman dasar mengenai sistem kendaraan dan proses perawatan otomotif.
* Memiliki kemampuan analisa dan problem solving yang baik.

### Tentang Perusahaan

#### Astra International - Daihatsu Sales Operation

PT Astra International Tbk Daihatsu Sales Operation (AI-DSO), commonly known as Astra Daihatsu, was established in 1973. It serves as the sole distributor and retailer of Daihatsu vehicles in Indonesia, offering a diverse range of products and services. With over 125 authorized outlets nationwide, ...

#### Alamat Kantor

Jl Yos Sudarso Kav 24 Sunter Jakarta

#### Industri

Otomotif

#### Website

-",2026-08-07T17:34:29Z,b0f8da91-506e-4420-b196-edb3febe6c8e,en,2026-08-29T23:18:41Z,2026-08-27T23:13:04Z,"Jakarta, Indonesia, South-eastern Asia, Asia","[{""city"": ""Jakarta"", ""state"": null, ""zip_code"": null, ""country"": ""Indonesia"", ""region"": ""South-eastern Asia"", ""continent"": ""Asia"", ""fuzzy_match"": false}]",Service Technical Analyst - DSO,"{""code"": ""15-1232.00"", ""family"": ""Computer and Mathematical"", ""occupation_name"": ""Computer User Support Specialists""}",,"{""name"": null, ""title"": null, ""contact"": null}",,"{""salary_low"": null, ""salary_high"": null, ""salary_currency"": null, ""salary_low_usd"": null, ""salary_high_usd"": null, ""salary_time_unit"": null}",junior,,[],Service Technical Analyst - DSO,,https://career.astra.co.id/lowongan/lowongan-detail-page/14719/Service%20Technical%20Analyst%20-%20DSO
astra.co.id,"[""finance""]",astra.co.id,"[""full_time""]","### Accounting Analyst - DPA

Accounting and Tax

Lulusan Baru/Mahasiswa

Batas Lamar : 30 Januari 2027

Lowongan / Detail pekerjaan

### Accounting Analyst - DPA

Dana Pensiun Astra

Accounting and Tax

Lulusan Baru/Mahasiswa

Batas Lamar: 30 Januari 2027

### Deskripsi Pekerjaan

Accounting Analyst

Bertanggung jawab atas analisa transaksi keuangan dan perpajakan untuk menjamin penyusunan laporan keuangan dan  perpajakan untuk menjamin penyusunan laporan keuangan dan perpajakan sesuai ketentuan yang berlaku.

### Persyaratan

1. Pendidikan minimal S1 diutamakan jurusan Akuntansi
2. Fresh graduate dipersilakan melamar atau memiliki pengalaman 2 tahun di bidang yang relevan
3. Memiliki Brevet A & B lebih diutamakan
4. Memiliki kemampuan komunikasi dan analisa yang baik
5. Bersedia bekerja dalam tim dan memiliki kemauan untuk belajar

### Tentang Perusahaan

#### Dana Pensiun Astra

Dana Pensiun Astra adalah Dana Pensiun yang didirikan oleh Astra International pada tahun 1986 yang difungsikan sebagai pengelola Manfaat Pensiun dari karyawan Astra Group.

#### Alamat Kantor

#### Industri

Yayasan

#### Website

https://new.dapenastra.com

Lihat Detail Perusahaan",2026-08-06T17:25:06Z,7c22fe92-1163-42be-a1d6-c64aedb6746f,id,2026-08-28T13:51:46Z,2026-08-28T13:51:46Z,"Lamar, Colorado, United States, Northern America, Americas","[{""city"": ""Lamar"", ""state"": ""Colorado"", ""zip_code"": null, ""country"": ""United States"", ""region"": ""Northern America"", ""continent"": ""Americas"", ""fuzzy_match"": false}]",Accounting Analyst - DPA,"{""code"": ""13-2011.00"", ""family"": ""Business and Financial Operations"", ""occupation_name"": ""Accountants and Auditors""}",,"{""name"": null, ""title"": null, ""contact"": null}",,"{""salary_low"": null, ""salary_high"": null, ""salary_currency"": null, ""salary_low_usd"": null, ""salary_high_usd"": null, ""salary_time_unit"": null}",junior,,[],Accounting Analyst - DPA,Accounting Analyst - DPA,https://career.astra.co.id/lowongan/lowongan-detail-page/14716/Accounting%20Analyst%20-%20DPA
astra.co.id,"[""information_technology""]",astra.co.id,"[""full_time""]","### Full Stack Engineer - SMI

Astra Financial - Sedaya Multi Investama

Information Technology

Semua

Batas Lamar: 30 Januari 2027

### Deskripsi Pekerjaan

1. Mengembangkan dan memelihara aplikasi web secara end-to-end (frontend, backend, dan database).
2. Merancang dan mengembangkan platform berbasis AI sesuai dengan kebutuhan bisnis.
3. Mengembangkan dan meningkatkan API backend untuk mendukung kebutuhan integrasi dan proses bisnis.
4. Memastikan performa API yang optimal melalui pemantauan dan optimalisasi secara berkelanjutan.
5. Menangani troubleshooting sistem dan insiden sesuai dengan tingkat prioritas serta Service Level Agreement (SLA).
6. Menyusun dan memelihara dokumentasi teknis untuk API dan sistem.
7. Memastikan ketersediaan (uptime) dan keandalan sistem aplikasi web sesuai dengan standar enterprise.
8. Berkolaborasi dengan tim produk, tim bisnis, dan para pemangku kepentingan untuk menerjemahkan kebutuhan bisnis menjadi solusi teknis.

### Persyaratan

1. Pendidikan minimal Sarjana (S1) di bidang Teknologi Informasi, Ilmu Komputer, atau bidang terkait.
2. Memiliki pengalaman kerja 1-3 tahun sebagai Full Stack Developer, Software Engineer, atau posisi sejenis.
3. Menguasai salah satu atau lebih bahasa pemrograman seperti PHP, Java, JavaScript, TypeScript, atau Python; pengalaman menggunakan Golang menjadi nilai tambah.
4. Memiliki pengalaman menggunakan framework seperti Laravel, Spring Boot, Express, atau FastAPI, serta framework frontend Next.js atau React.
5. Berpengalaman dalam menulis query SQL yang efisien dan melakukan optimasi performa database menggunakan PostgreSQL atau MySQL.
6. Memahami penggunaan Git sebagai version control, termasuk branching, merging, dan penyelesaian konflik (conflict resolution).
7. Memahami Software Development Life Cycle (SDLC), praktik pengujian aplikasi (testing), serta deployment aplikasi pada cloud platform seperti Google Cloud Platform (GCP) atau Alibaba Cloud.
8. Memiliki kemampuan analitis, pemecahan masalah, dan komunikasi yang baik.
9. Memiliki pengalaman atau pemahaman mengenai AI Code Agents (seperti Claude CLI, Codex CLI, dan sejenisnya) dan/atau integrasi API Large Language Model (LLM) menjadi nilai tambah.",2026-08-06T17:25:06Z,13004e8b-6d25-47a8-9fb7-6ba94574a77e,en,2026-08-28T23:59:16Z,2026-08-28T23:59:16Z,"Lamar, Colorado, United States, Northern America, Americas","[{""city"": ""Lamar"", ""state"": ""Colorado"", ""zip_code"": null, ""country"": ""United States"", ""region"": ""Northern America"", ""continent"": ""Americas"", ""fuzzy_match"": false}]",Full Stack Engineer,"{""code"": ""15-1254.00"", ""family"": ""Computer and Mathematical"", ""occupation_name"": ""Web Developers""}",,"{""name"": null, ""title"": null, ""contact"": null}",,"{""salary_low"": null, ""salary_high"": null, ""salary_currency"": null, ""salary_low_usd"": null, ""salary_high_usd"": null, ""salary_time_unit"": null}",mid_senior,,[],Full Stack Engineer - SMI,,https://career.astra.co.id/lowongan/lowongan-detail-page/14709/Full%20Stack%20Engineer%20-%20SMI
astra.co.id,"[""information_technology""]",astra.co.id,"[""full_time""]","### Solution Architect Analyst - SMI

Information Technology

Semua

Batas Lamar : 30 Januari 2027

Lowongan / Detail pekerjaan

### Solution Architect Analyst - SMI

Astra Financial - Sedaya Multi Investama

Information Technology

Semua

Batas Lamar: 30 Januari 2027

### Deskripsi Pekerjaan

1. Mengidentifikasi dan mengevaluasi teknologi baru serta peluang peningkatan arsitektur sistem.
2. Menyusun dan memelihara dokumentasi arsitektur Level 0-2.
3. Merancang solusi arsitektur untuk mendukung proyek dan inisiatif bisnis.
4. Melakukan review terhadap arsitektur proyek untuk memastikan kesesuaian dengan standar dan kebijakan yang berlaku.
5. Memastikan dokumentasi seluruh sistem selalu terkini dan terpelihara.
6. Melakukan pemetaan aset digital, integrasi sistem, dan alur data (data flow).
7. Memastikan penerapan prinsip dan standar arsitektur (architecture guardrails) selama proses implementasi.
8. Menentukan ruang lingkup proyek, batasan, dependensi, serta risiko yang terkait.
9. Menerjemahkan kebutuhan bisnis menjadi desain arsitektur teknis yang tepat.
10. Menyiapkan presentasi, diagram, dan dokumentasi teknis untuk mengomunikasikan solusi arsitektur kepada para pemangku kepentingan.

### Persyaratan

1. Pendidikan minimal Sarjana (S1) di bidang Ilmu Komputer, Informatika, atau bidang terkait.
2. Memiliki pengalaman kerja 1-3 tahun sebagai Solution Architect atau pada posisi yang relevan.
3. Memiliki keahlian di bidang Application Development, DevSecOps, Cloud, atau domain teknologi sejenis.
4. Menguasai perancangan arsitektur aplikasi, integrasi sistem, infrastruktur/cloud, serta aspek keamanan (security).
5. Memiliki kemampuan dalam desain database, praktik DevOps, analisis kebutuhan (requirement analysis), dan penyusunan dokumentasi teknis.
6. Memiliki pemahaman bisnis yang baik, visi strategis, serta berorientasi pada kebutuhan pelanggan (customer focus).
7. Penempatan di Astra Integrasi Digital (AID)
",2026-08-06T17:25:06Z,5be7128a-58a9-44f6-879c-37200f04fba1,en,2026-08-29T18:04:01Z,2026-08-27T17:56:45Z,"Indonesia, South-eastern Asia, Asia","[{""city"": null, ""state"": null, ""zip_code"": null, ""country"": ""Indonesia"", ""region"": ""South-eastern Asia"", ""continent"": ""Asia"", ""fuzzy_match"": false}]",Solution Architect,"{""code"": ""15-1254.00"", ""family"": ""Computer and Mathematical"", ""occupation_name"": ""Web Developers""}",,"{""name"": null, ""title"": null, ""contact"": null}",,"{""salary_low"": null, ""salary_high"": null, ""salary_currency"": null, ""salary_low_usd"": null, ""salary_high_usd"": null, ""salary_time_unit"": null}",mid_senior,,[],Solution Architect Analyst - SMI,,https://career.astra.co.id/lowongan/lowongan-detail-page/14710/Solution%20Architect%20Analyst%20-%20SMI
astra.co.id,"[""administration""]",astra.co.id,"[""full_time""]","### Executive Secretary - GSI

PT Global Service Indonesia

Secretary and Personal Assisstance

Semua

Batas Lamar: 30 Januari 2027

### Deskripsi Pekerjaan

* Mengelola administrasi, agenda, dan jadwal Direksi guna mendukung kelancaran aktivitas operasional.
* Mempersiapkan dan mengoordinasikan rapat Direksi, termasuk menyusun notulen serta mendistribusikan dokumen yang diperlukan.
* Mendukung kelancaran komunikasi antara Direksi dengan pihak internal maupun eksternal.
* Mengoordinasikan kebutuhan perjalanan dinas Direksi beserta administrasi pendukungnya.
* Mendukung pengelolaan dokumen dan informasi perusahaan sesuai dengan kebijakan serta tata kelola perusahaan yang berlaku.

### Persyaratan

* Pendidikan minimal D3 Sekretaris, Manajemen Bisnis, Administrasi Bisnis, atau bidang terkait.
* Memiliki pengalaman di bidang kesekretariatan atau administrasi perkantoran akan menjadi nilai tambah.
* Memiliki kemampuan komunikasi yang baik dalam Bahasa Indonesia dan Bahasa Inggris, baik lisan maupun tulisan.
* Memiliki kemampuan administrasi, pengarsipan, koordinasi, serta komunikasi yang baik.
* Teliti, profesional, memiliki integritas, serta mampu mengelola pekerjaan secara terorganisir dan menyelesaikan tugas sesuai prioritas.

### Tentang Perusahaan

#### PT Global Service Indonesia

PT Global Service Indonesia (GSI) was established in December 24, 2014 under Yayasan Karya Bakti United Tractors (Member of ASTRA) which provide Manpower Solution, Digital Solution and Process Solution.

#### Alamat Kantor

Jalan Raya Bekasi KM 22 Cakung Jakarta Timur DKI Jakarta 13910

#### Industri

AHEMCE

#### Website

https://globalservice.co.id

Lihat Detail Perusahaan",2026-08-06T17:25:06Z,82a5f685-ae93-4066-98c3-b3b0e1783169,en,2026-08-30T00:23:51Z,2026-08-28T00:18:29Z,"Jakarta, Indonesia, South-eastern Asia, Asia","[{""city"": ""Jakarta"", ""state"": null, ""zip_code"": null, ""country"": ""Indonesia"", ""region"": ""South-eastern Asia"", ""continent"": ""Asia"", ""fuzzy_match"": false}]",Executive Secretary,"{""code"": ""43-6011.00"", ""family"": ""Office and Administrative Support"", ""occupation_name"": ""Executive Secretaries and Executive Administrative Assistants""}",,"{""name"": null, ""title"": null, ""contact"": null}",,"{""salary_low"": null, ""salary_high"": null, ""salary_currency"": null, ""salary_low_usd"": null, ""salary_high_usd"": null, ""salary_time_unit"": null}",mid_senior,,[],Executive Secretary - GSI,,https://career.astra.co.id/lowongan/lowongan-detail-page/14714/Executive%20Secretary%20-%20GSI
astra.co.id,"[""military_and_protective_services""]",astra.co.id,"[""full_time""]","### Security Supervisor - SIGAP

Human Capital

Profesional

Batas Lamar : 30 Januari 2027

Lowongan / Detail pekerjaan

### Security Supervisor - SIGAP

Sigap Prima Astrea

Human Capital

Profesional

Batas Lamar: 30 Januari 2027

### Deskripsi Pekerjaan

1. Melakukan penilaian keamanan dan menyiapkan laporan sesuai dengan kebutuhan perusahaan
2. Mengelola proses mobilisasi dan demobilisasi petugas keamanan (SG), termasuk rekrutmen, penyediaan peralatan, serta pelaksanaan SOP keamanan
3. Mengkoordinasikan pelaksanaan SOP dan pemenuhan Service Level Agreement (SLA), termasuk kunjungan lokasi, patroli, pelatihan, tes kebugaran, dan kegiatan terkait lainnya
4. Menangani keluhan petugas keamanan dan pelanggan (voice of security guard & voice of customer), termasuk penanganan insiden dan kecelakaan sesuai dengan SLA yang berlaku
5. Berpartisipasi dalam pelaksanaan PDCA regional dan berkontribusi dalam pengembangan KPI, IPP, serta rencana kegiatan tim

### Persyaratan

1. Gelar Sarjana (S1) di bidang Manajemen atau bidang terkait
2. Pengalaman minimal 2 tahun sebagai Supervisor Keamanan
3. Pemahaman yang kuat tentang keterampilan keamanan dasar, hubungan industrial, investigasi dan manajemen kasus, keselamatan dan kesehatan kerja (K3), serta penilaian keamanan
4. Mampu menangani keluhan dan berkoordinasi dengan efektif dengan pelanggan
5. Mahir dalam Microsoft Office (terutama Word, Excel, dan PowerPoint) serta mampu menyusun laporan kerja yang detail
6. Memiliki keterampilan kepemimpinan yang kuat dan kemampuan pemecahan masalah
7. Memiliki Sertifikasi Gada Utama lebih diutamakan

### Tentang Perusahaan

#### Sigap Prima Astrea

Inspired by the need of security guard service in Astra Corporate Group who whishes standardization for security personnel, especially in terms of management and personnel legality. In 2002 cooperative employee established PT SIGAP PRIMA ASTREA, The beginning PT SIGAP PRIMA ASTREA concentrated on fu...

#### Alamat Kantor

Jl Gaya Motor II No 1 Sunter II Tanjung Priok Jakarta Utara 14330

#### Industri

Yayasan

#### Website

-",2026-08-05T17:16:13Z,6f20b446-db54-4eb2-8a84-966695180ffb,id,2026-08-08T18:15:08Z,2026-08-12T17:54:10Z,"Jakarta, Indonesia, South-eastern Asia, Asia","[{""city"": ""Jakarta"", ""state"": null, ""zip_code"": null, ""country"": ""Indonesia"", ""region"": ""South-eastern Asia"", ""continent"": ""Asia"", ""fuzzy_match"": false}]",Security Supervisor,"{""code"": ""33-1091.00"", ""family"": ""Protective Service"", ""occupation_name"": ""First-Line Supervisors of Security Workers""}",,"{""name"": null, ""title"": null, ""contact"": null}",,"{""salary_low"": null, ""salary_high"": null, ""salary_currency"": null, ""salary_low_usd"": null, ""salary_high_usd"": null, ""salary_time_unit"": null}",manager,closed,[],Security Supervisor - SIGAP,Security Supervisor,https://career.astra.co.id/lowongan/lowongan-detail-page/14715/Security%20Supervisor%20-%20SIGAP
astra.co.id,"[""information_technology""]",astra.co.id,"[""contract"", ""onsite""]","### Backend Developer - Java - ADMO

Information Technology

Lulusan Baru & Profesional

Batas Lamar : 31 Desember 2026

Lowongan / Detail pekerjaan

### Backend Developer - Java - ADMO

PT Astra Digital Mobil

Information Technology

Lulusan Baru & Profesional

Batas Lamar: 31 Desember 2026

### Deskripsi Pekerjaan

Employment Status: Contract-based

* Mengembangkan dan memelihara server dan backend menggunakan Java untuk mendukung fungsi dan fitur dalam platform penjualan mobil bekas.
* Merancang dan mengimplementasikan API (Application Programming Interface) yang efisien untuk memastikan komunikasi yang lancar antara frontend dan backend, serta dengan pihak-pihak eksternal seperti sistem pembayaran dan penyedia layanan lainnya.
* Menjalankan pengujian dan debugging secara rutin untuk memastikan keamanan, stabilitas, dan skalabilitas dari aplikasi server menggunakan Node.js.
* Mengoptimalkan kinerja aplikasi dan server, serta melakukan pemantauan untuk mengidentifikasi dan mengatasi masalah performa guna memberikan pengalaman yang lebih baik kepada pengguna

### Persyaratan

* Gelar Sarjana dari jurusan Teknik Informatika/Sistem Informasi/Teknik Komputer/Manajemen Informatika atau bidang terkait dari universitas terkemuka dengan IPK minimal 3,00.
* Minimal 2 tahun pengalaman kerja secara keseluruhan dan pengetahuan mengenai pengembangan backend dan programming (Java).
* Lebih disukai jika memiliki kompetensi dalam Bahasa Pemrograman lain (Node.JS / PHP / Golang / etc).
* Memiliki kompetensi dalam JavaSpring / Springboot, PostgreSQL / mySQL database, Object-Oriented Programming, SDLC Scrum, Unit Testing / Design Pattern / Code Convention, Message Broker (Kafka / RabbitMQ), AWS Cloud, API Contract, Docker / Kubernetes, CI/CD.
* Kemampuan code review.
* Kemampuan problem-solving, interpersonal, dan analisis yang kuat.
* Bersedia bekerja di kantor (lokasi: Jakarta)

### Tentang Perusahaan

#### PT Astra Digital Mobil

Astra Digital Mobil (ADMO), established on June 24, 2022, is a subsidiary and business unit of PT Astra International Tbk. The company specializes in providing a trusted and integrated on-demand platform for buying, selling, and trading used cars, seamlessly connected with Astra Group's various auto...

#### Alamat Kantor

#### Industri

Infrastruktur dan Logistik

#### Website

https://www.olx.co.id/

Lihat Detail Perusahaan",2026-08-05T17:16:13Z,a3d31fd4-f555-4289-b5f5-d1aeb686fe16,id,2026-08-20T21:14:29Z,2026-08-17T20:14:05Z,"Jakarta, Indonesia, South-eastern Asia, Asia","[{""city"": ""Jakarta"", ""state"": null, ""zip_code"": null, ""country"": ""Indonesia"", ""region"": ""South-eastern Asia"", ""continent"": ""Asia"", ""fuzzy_match"": false}]",Backend Developer,"{""code"": ""15-1252.00"", ""family"": ""Computer and Mathematical"", ""occupation_name"": ""Software Developers""}",,"{""name"": null, ""title"": null, ""contact"": null}",,"{""salary_low"": null, ""salary_high"": null, ""salary_currency"": null, ""salary_low_usd"": null, ""salary_high_usd"": null, ""salary_time_unit"": null}",mid_senior,closed,"[""Node.js""]",Backend Developer - Java - ADMO,Backend Developer - Java - ADMO,https://career.astra.co.id/lowongan/lowongan-detail-page/14713/Backend%20Developer%20-%20Java%20-%20ADMO
astra.co.id,"[""operations""]",astra.co.id,"[""full_time""]","### Logistic Project Analyst - TSM

PT Tjahja Sakti Motor

Supply Chain

Semua

Batas Lamar: 28 Februari 2027

### Deskripsi Pekerjaan

1. Mengkoordinir monthly meeting antara direksi perusahaan dengan stakeholder terkait operasional.

2. Membuat, mengontrol, dan melaporkan KPI operasional kepada vendor terkait.

3. Review seluruh project dan target agreement.

4. Koordinasi dengan stakeholder untuk setiap kunjungan dari pihak eksternal.

5. Mengontrol dan berkoordinasi dalam menangani temuan audit.

6. Melakukan pendampingan team Technical & Quality dalam proses audit di vendor terkait.

### Persyaratan

1. Min. S1 Teknik Industri/Manajemen.

2. Pengalaman min. 1 tahun di bidang terkait.

3. Menguasai Bahasa Inggris, baik secara lisan maupun tulisan.

4. Analisa yang kuat, kemampuan berkomunikasi, dan cepat belajar.

5. Kepemimpinan yang kuat, relasi luas, dan kemampuan interpersonal baik.

6. Tertarik dengan industri otomotif dan logistik.

### Tentang Perusahaan

#### PT Tjahja Sakti Motor

PT Tjahja Sakti Motor was established in 1962. We are subsidiary of Astra in the automotive business of premium vehicles, as importers and logistics service providers for BMW Group products. We are currently looking for passionate and dedicated talents to be able to advance with us with the princip...",2026-08-05T17:16:13Z,e08c0060-747c-437c-9e51-bf565f6d4966,id,2026-08-29T23:36:32Z,2026-08-27T23:31:14Z,"Lamar, Colorado, United States, Northern America, Americas","[{""city"": ""Lamar"", ""state"": ""Colorado"", ""zip_code"": null, ""country"": ""United States"", ""region"": ""Northern America"", ""continent"": ""Americas"", ""fuzzy_match"": false}]",Logistic Project Analyst - TSM,"{""code"": ""13-1081.02"", ""family"": ""Business and Financial Operations"", ""occupation_name"": ""Logistics Analysts""}",,"{""name"": null, ""title"": null, ""contact"": null}",,"{""salary_low"": null, ""salary_high"": null, ""salary_currency"": null, ""salary_low_usd"": null, ""salary_high_usd"": null, ""salary_time_unit"": null}",mid_senior,,[],Logistic Project Analyst - TSM,Logistic Project Analyst - TSM,https://career.astra.co.id/lowongan/lowongan-detail-page/14712/Logistic%20Project%20Analyst%20-%20TSM
astra.co.id,"[""engineering""]",astra.co.id,[]," **Deskripsi Pekerjaan**  
  

- Membuat detailroorting system pada kapal sesuai dengan drawing dan standar yang berlaku. 
- Menyusun danmengembangkan work instruction sebagai pedoman pelaksanaan pekerjaan. 
- Menghitungestimasi manhours dan lead time pekerjaan. 
- Melakukanmonitoring pekerjaan serta menyusun proses review secara berkala. 
- Mengembangkandan mendesain jig untuk mendukung proses produksi. 
- Melakukananalisis dan problem solving terhadap kendala teknis di lapangan.  
  
**Persyaratan**  
  

- S1 Teknik Perkapalan / MarineEngineering atau jurusan terkait. 
- Memahami standar industri perkapalan serta rules & regulasiyang berlaku, khususnya pada sistem piping, mechanical, dan electrical.
- Diutamakan memiliki pengalaman minimal 1 tahun di bidangterkait.
",2026-08-05T10:00:00Z,f4101aa2-4c48-42db-af65-a87f34c5b621,id,2026-08-30T04:00:00Z,2026-08-30T04:00:00Z,"Jakarta, Jakarta, Indonesia",[],Marine / System Engineer,"{""code"": ""17-2121.00"", ""family"": ""Architecture and Engineering"", ""occupation_name"": ""Marine Engineers and Naval Architects""}",2026-08-04T17:26:54Z,"{""name"": null, ""title"": null, ""contact"": null}",,"{""salary_low"": null, ""salary_high"": null, ""salary_currency"": null, ""salary_low_usd"": null, ""salary_high_usd"": null, ""salary_time_unit"": null}",mid_senior,,[],PE Marine / System Engineer - PMP,Marine / System Engineer,https://www.linkedin.com/jobs/view/4448607135/
astra.co.id,"[""engineering""]",astra.co.id,[]," **Deskripsi Pekerjaan**  
  

- Menyusun dan mengembangkan detail engineering design untuk sistem outfitting kapal berdasarkan basic design dan spesifikasi proyek.
- Membuat dan mereview gambar detail outfitting seperti deck equipment, accommodation arrangement, ladder, railing, platform, foundation equipment, dan perlengkapan kapal lainnya.
- Menyiapkan production drawing dan installation drawing yang dibutuhkan oleh tim produksi.
- Melakukan koordinasi desain dengan disiplin engineering lain seperti piping, mechanical, electrical, dan structure untuk memastikan integrasi desain.
- Memastikan seluruh desain outfitting sesuai dengan spesifikasi teknis proyek, standar klasifikasi kapal, dan regulasi yang berlaku.
- Memberikan dukungan teknis kepada tim produksi selama proses fabrikasi dan instalasi outfitting di kapal.
- Melakukan review material dan equipment specification untuk kebutuhan outfitting  
  
**Persyaratan**  
  

- Pendidikan Minimal S1 Teknik Perkapalan, Teknik Mesin, atau jurusan relevan.
- Pengalaman Minimal 1-2 tahun pengalaman di bidang Outfitting Engineering / Ship Design
- Fresh graduate dipertimbangkan untuk level junior dengan pengalaman project atau magang di shipyard/design office
- Diutamakan memiliki pengalaman di shipyard atau marine engineering
- Kompetensi Teknis
- Memahami konsep outfitting kapal dan ship arrangement
- Memahami equipment kapal dan deck machinery
- Mampu membaca dan membuat gambar teknik outfitting
- Menguasai software desain teknik seperti: AutoCAD dan Rhino / AVEVA Marine / ShipConstructor / Cadmatic (nilai tambah)
- Memahami material dan equipment kapal
- Memahami standar classification society (BKI, ABS, DNV, LR, dll)
- Memahami proses fabrikasi dan instalasi outfitting di shipyard
- Mampu melakukan koordinasi desain lintas disiplin engineering
",2026-08-05T10:00:00Z,72ea7531-ef3f-4638-a023-cfcfda17df99,id,2026-08-30T04:00:00Z,2026-08-30T04:00:00Z,"Jakarta, Jakarta, Indonesia",[],Outfitting Engineer - PMP,"{""code"": ""17-2131.00"", ""family"": ""Architecture and Engineering"", ""occupation_name"": ""Materials Engineers""}",2026-08-03T17:00:23Z,"{""name"": null, ""title"": null, ""contact"": null}",,"{""salary_low"": null, ""salary_high"": null, ""salary_currency"": null, ""salary_low_usd"": null, ""salary_high_usd"": null, ""salary_time_unit"": null}",mid_senior,,"[""AutoCAD"", ""AVEVA"", ""ShipConstructor"", ""AVEVA Marine"", ""Rhinoceros""]",DE Outfitting Engineer - PMP,Outfitting Engineer - PMP,https://www.linkedin.com/jobs/view/4448389584/
astra.co.id,"[""manual_work""]",astra.co.id,[]," **Deskripsi Pekerjaan**  
  

- Menyusun danmembuat LPPB sesuai dengan kebutuhan proyek dan standar yang berlaku.
- Menyusun dan mengembangkan work instructionsebagai pedoman pelaksanaan pekerjaan.
- Menghitung estimasi manhours dan lead timepekerjaan. 
- Melakukan monitoring pekerjaan serta menyusundan melaksanakan proses review secara berkala.
- Mengembangkan dan mendesain jig untuk mendukungefisiensi proses produksi. 
- Melakukan studi dan analisis untuk mempercepatlead time pekerjaan PB (Production/Project Build).  
  
**Persyaratan**  
  

- S1 Teknik Perkapalan, TeknikIndustri, Teknik Mesin, atau jurusan terkait.
- Memahami standar industri perkapalan serta rules & regulasiyang berlaku.
- Memahami proses produksi dan penggunaan alat bantu produksi.
- Memiliki pengalaman minimal1 tahun di bidang terkait
",2026-08-05T10:00:00Z,42748c6b-56b7-462d-bf37-3370d05020b6,id,2026-08-30T04:00:00Z,2026-08-30T04:00:00Z,"Jakarta, Jakarta, Indonesia",[],PE Material Preparation Specialist,"{""code"": ""51-9023.00"", ""family"": ""Production"", ""occupation_name"": ""Mixing and Blending Machine Setters, Operators, and Tenders""}",2026-08-03T16:48:11Z,"{""name"": null, ""title"": null, ""contact"": null}",,"{""salary_low"": null, ""salary_high"": null, ""salary_currency"": null, ""salary_low_usd"": null, ""salary_high_usd"": null, ""salary_time_unit"": null}",junior,,[],PE Material Preparation - PMP,PE Material Preparation Specialist,https://www.linkedin.com/jobs/view/4448391550/
astra.co.id,"[""human_resources"", ""internship""]",astra.co.id,"[""internship""]","### HR Intern - BSO

Astra International - BMW Sales Operation

Human Capital

Semua

Batas Lamar: 31 Agustus 2026

### Deskripsi Pekerjaan

* Membantu pelaksanakan proses assessment dan administrasi hasil assessment.
* Melaksanakan proses rekrutmen dari sourcing hingga wawancara.
* Membantu pelaksanaan kegiatan culture perusahaan.
* Mengelola administrasi pembayaran dan kebutuhan operasional HRGA.
* Mengelola administrasi karyawan dan dokumentasi HRGA.
* Mendukung pelaksanaan kegiatan serta administrasi operasional HRGA.

### Persyaratan

* Pendidikan minimal S1 Psikologi, Manajemen SDM, atau jurusan terkait.
* Memiliki pengalaman di bidang Recruitment atau HR Administration menjadi nilai tambah.
* Memiliki kemampuan komunikasi dan interpersonal yang baik. Mampu mengelola administrasi dengan teliti, rapi, dan terorganisir.
* Mampu mengoperasikan Microsoft Office, terutama Microsoft Excel, Word, dan PowerPoint.
* Mampu bekerja secara mandiri maupun dalam tim serta memiliki kemampuan manajemen waktu yang baik.
* Bersedia menangani beberapa tugas (multitasking) dalam lingkungan kerja yang dinamis.

### Tentang Perusahaan

#### Astra International - BMW Sales Operation

BMW Astra is one of authorized BMW dealer in Indonesia. BMW Astra is a subsidiary company of PT. Astra International Tbk. BMW is the only one premium automotive brand which has significant increase for 3 years in Indonesia. BMW Astra has core value: PRIDE that lead us to consistently deliver the bes...

#### Alamat Kantor

#### Industri

#### Website

-",2026-07-31T14:43:50Z,bb9e6ab2-3a60-4016-b8e3-3c50ac641bbb,id,2026-08-03T22:57:40Z,2026-08-08T17:44:18Z,"Indonesia, South-eastern Asia, Asia","[{""city"": null, ""state"": null, ""zip_code"": null, ""country"": ""Indonesia"", ""region"": ""South-eastern Asia"", ""continent"": ""Asia"", ""fuzzy_match"": false}]",Human Resources Intern - BSO,"{""code"": ""43-4161.00"", ""family"": ""Office and Administrative Support"", ""occupation_name"": ""Human Resources Assistants, Except Payroll and Timekeeping""}",,"{""name"": null, ""title"": null, ""contact"": null}",,"{""salary_low"": null, ""salary_high"": null, ""salary_currency"": null, ""salary_low_usd"": null, ""salary_high_usd"": null, ""salary_time_unit"": null}",junior,closed,"[""Internship"", ""HRIS""]",HR Intern - BSO,HR Intern - BSO,https://career.astra.co.id/lowongan/lowongan-detail-page/14702/HR%20Intern%20-%20BSO
astra.co.id,"[""sales""]",astra.co.id,"[""full_time""]","### Sales Officer Bali - TAF

Toyota Astra Financial Services

Sales

Semua

Batas Lamar: 30 Januari 2027

### Deskripsi Pekerjaan

* Membuat simulasi kredit dan melakukan negosiasi, baik dengan dealer maupun calon pelanggan, untuk mendapatkan aplikasi pembiayaan pelanggan.
* Melengkapi data aplikasi pembiayaan dan dokumen pendukungnya, termasuk melakukan konfirmasi melalui telepon, proses data entry, inisiasi, dan scan dokumen ke docushare untuk menunjang proses analisa kredit yang cepat dan akurat.
* Memonitor status aplikasi pembiayaan untuk memastikan proses persetujuan kredit mencapai target SLA yang ditetapkan.
* Menginformasikan hasil keputusan kredit kepada pihak-pihak terkait untuk memastikan informasi keputusan kredit diterima secara benar.
* Mencetak dokumen kontrak, menjelaskan isi kontrak kepada pelanggan dan meminta tanda tangan dokumen kontrak ke pelanggan dan dealer untuk memastikan kesesuaian dengan prosedur.
* Mengarahkan dan memberikan penjelasan cara pembayaran angsuran kepada pelanggan untuk meastikan cara bayar yang efektif dan efisien.
* Menindaklanjuti dokumen kelengkapan kendaraan dan dokumen tagihan dari dealer untuk memastikan kelancaran proses pembayaran kendaraan ke dealer (disburse).
* Memonitor status aplikasi backlog untuk mencapai target penjualan yang ditetapkan.
* Memonitor pembiayaan selama 5 angsuran pertama dan bekerjasama dengan fungsi AR management dalam menyelesaikan account F5PD untuk memastikan agar pelanggan yang telah jatuh tempo memenuhi kewajibannya.
* Menjalankan aktivitas penunjang penjualan (mendukung pameran, show room event, dll) untuk meningkatkan pencapaian sales target.
* Membina hubungan baik dengan dealer untuk meningkatkan pencapaian sales target.
* Memonitor produktivitas, kualitas proses dan hasil proses sales untuk mencapai target performance yang ditetapkan.
* Memberikan pelayanan kepada pelanggan dan/atau rekan kerja sesuai dengan standar service perusahaan sebagai bagian dari pekerjaan untuk mendukung terciptanya budaya service perusahaan.

### Persyaratan

* Pendidikan minimal Diploma, terbuka untuk semua jurusan dan lulusan baru dengan IPK minimal 3.00/4.00.
* Memiliki SIM C/A.
* Memiliki daya tangkap, daya juang, dan kecepatan kerja yang baik.
* Mampu berkomunikasi, bekerja sama, serta menunjukkan inisiatif tinggi dalam bekerja.
* Bersedia ditempatkan di Bali.",2026-07-30T14:28:38Z,46ec505f-4703-420b-8371-1c8c0d67383c,en,2026-08-29T01:34:03Z,2026-08-29T01:34:03Z,"Indonesia, South-eastern Asia, Asia","[{""city"": null, ""state"": null, ""zip_code"": null, ""country"": ""Indonesia"", ""region"": ""South-eastern Asia"", ""continent"": ""Asia"", ""fuzzy_match"": false}]",Sales Officer,"{""code"": ""41-3091.00"", ""family"": ""Sales and Related"", ""occupation_name"": ""Sales Representatives of Services, Except Advertising, Insurance, Financial Services, and Travel""}",,"{""name"": null, ""title"": null, ""contact"": null}",,"{""salary_low"": null, ""salary_high"": null, ""salary_currency"": null, ""salary_low_usd"": null, ""salary_high_usd"": null, ""salary_time_unit"": null}",junior,,[],Sales Officer Bali - TAF,,https://career.astra.co.id/lowongan/lowongan-detail-page/14693/Sales%20Officer%20Bali%20-%20TAF
astra.co.id,"[""sales""]",astra.co.id,"[""full_time""]","### Sales Survey Officer Palopo - TAF

Sales

Semua

Batas Lamar : 30 Januari 2027

Lowongan / Detail pekerjaan

### Sales Survey Officer Palopo - TAF

Toyota Astra Financial Services

Sales

Semua

Batas Lamar: 30 Januari 2027

### Deskripsi Pekerjaan

* Membuat simulasi kredit dan melakukan negosiasi, baik dengan dealer maupun calon pelanggan, untuk mendapatkan aplikasi pembiayaan pelanggan.
* Melengkapi data aplikasi pembiayaan dan dokumen pendukungnya, termasuk melakukan konfirmasi melalui telepon, proses data entry, inisiasi, dan scan dokumen ke docushare untuk menunjang proses analisa kredit yang cepat dan akurat.
* Memonitor status aplikasi pembiayaan untuk memastikan proses persetujuan kredit mencapai target SLA yang ditetapkan.
* Menginformasikan hasil keputusan kredit kepada pihak-pihak terkait untuk memastikan informasi keputusan kredit diterima secara benar.
* Mencetak dokumen kontrak, menjelaskan isi kontrak kepada pelanggan dan meminta tanda tangan dokumen kontrak ke pelanggan dan dealer untuk memastikan kesesuaian dengan prosedur.
* Mengarahkan dan memberikan penjelasan cara pembayaran angsuran kepada pelanggan untuk meastikan cara bayar yang efektif dan efisien.
* Menindaklanjuti dokumen kelengkapan kendaraan dan dokumen tagihan dari dealer untuk memastikan kelancaran proses pembayaran kendaraan ke dealer (disburse).
* Memonitor status aplikasi backlog untuk mencapai target penjualan yang ditetapkan.
* Memonitor pembiayaan selama 5 angsuran pertama dan bekerjasama dengan fungsi AR management dalam menyelesaikan account F5PD untuk memastikan agar pelanggan yang telah jatuh tempo memenuhi kewajibannya.
* Menjalankan aktivitas penunjang penjualan (mendukung pameran, show room event, dll) untuk meningkatkan pencapaian sales target.
* Membina hubungan baik dengan dealer untuk meningkatkan pencapaian sales target.
* Memonitor produktivitas, kualitas proses dan hasil proses sales untuk mencapai target performance yang ditetapkan.
* Memberikan pelayanan kepada pelanggan dan/atau rekan kerja sesuai dengan standar service perusahaan sebagai bagian dari pekerjaan untuk mendukung terciptanya budaya service perusahaan.

### Persyaratan

* Pendidikan minimal Diploma, terbuka untuk semua jurusan dan lulusan baru dengan IPK minimal 3.00/4.00.
* Memiliki SIM C/A.
* Memiliki daya tangkap, daya juang, dan kecepatan kerja yang baik.
* Mampu berkomunikasi, bekerja sama, serta menunjukkan inisiatif tinggi dalam bekerja.
* Bersedia ditempatkan di Palopo.
",2026-07-30T14:28:38Z,4f6b3171-b8ce-4a5a-afce-192c55bfd0ec,en,2026-08-29T01:22:47Z,2026-08-29T01:22:47Z,"Palopo, Indonesia, South-eastern Asia, Asia","[{""city"": ""Palopo"", ""state"": null, ""zip_code"": null, ""country"": ""Indonesia"", ""region"": ""South-eastern Asia"", ""continent"": ""Asia"", ""fuzzy_match"": false}]",Sales Survey Officer,"{""code"": ""17-1022.00"", ""family"": ""Architecture and Engineering"", ""occupation_name"": ""Surveyors""}",,"{""name"": null, ""title"": null, ""contact"": null}",,"{""salary_low"": null, ""salary_high"": null, ""salary_currency"": null, ""salary_low_usd"": null, ""salary_high_usd"": null, ""salary_time_unit"": null}",junior,,[],Sales Survey Officer Palopo - TAF,,https://career.astra.co.id/lowongan/lowongan-detail-page/14692/Sales%20Survey%20Officer%20Palopo%20-%20TAF
astra.co.id,"[""data_analysis"", ""finance""]",astra.co.id,[]," **Deskripsi Pekerjaan**  
  

- Mengelola, memantau, dan mengembangkan seluruh proses transaksi perusahaan (penerimaan, penerimaan non-angsuran, dan pembayaran) untuk memastikan transaksi berjalan dengan lancar dan efektif.
- Memfasilitasi perencanaan dan pengembangan strategi, proses, alat kerja, serta aspek lain dalam fungsi Finance agar dapat mendukung proses transaksi perusahaan secara efektif, akurat, dan selaras dengan tujuan perusahaan.
- Memantau proses rekonsiliasi bulanan (baik dengan pihak internal maupun eksternal) untuk memastikan validitas dan keakuratan transaksi.
- Membangun dan menyempurnakan proses serta kerja sama dengan pihak-pihak terkait dalam proses transaksi perusahaan (penerimaan, penerimaan non-angsuran, dan pembayaran).
- Menindaklanjuti kasus atau keluhan yang tidak dapat diselesaikan pada tingkat controller.
- Menyusun laporan dan analisis, kemudian menyampaikannya kepada pihak-pihak terkait.  
  
**Persyaratan**  
  

- Minimal lulusan Sarjana (S1) dari universitas bereputasi dengan IPK minimal 3,00, dari jurusan Manajemen, Keuangan, atau Teknik Industri.
- Terbuka bagi profesional dengan pengalaman kerja kurang dari 2 tahun.
- Memiliki kualitas pribadi yang baik, meliputi kemampuan komunikasi yang efektif, motivasi dan semangat tinggi untuk mencapai hasil, kemauan untuk belajar, kemampuan bekerja sama dalam tim, serta kemampuan berpikir analitis.
- Bersedia ditempatkan di Kantor Pusat (Jakarta Selatan).
",2026-07-30T14:07:07Z,c58e8763-ed79-4d8f-84af-6bf41361be2e,id,2026-08-30T04:00:00Z,2026-08-30T04:00:00Z,"Jakarta, Jakarta, Indonesia",[],Finance AR Analyst,"{""code"": ""43-3031.00"", ""family"": ""Office and Administrative Support"", ""occupation_name"": ""Bookkeeping, Accounting, and Auditing Clerks""}",2026-07-29T17:04:49Z,"{""name"": null, ""title"": null, ""contact"": null}",,"{""salary_low"": null, ""salary_high"": null, ""salary_currency"": null, ""salary_low_usd"": null, ""salary_high_usd"": null, ""salary_time_unit"": null}",mid_senior,,[],Finance AR Analyst - TAF,Finance AR Analyst,https://www.linkedin.com/jobs/view/4446850062/
astra.co.id,"[""human_resources""]",astra.co.id,"[""full_time""]","### Organizational Development & Performance - UTPE

United Tractors Pandu Engineering

Human Capital

Lulusan Baru & Profesional

Batas Lamar: 30 September 2026

### Deskripsi Pekerjaan

* Melakukan analisis jabatan, evaluasi jabatan, dan grading jabatan, serta deskripsi jabatan dan struktur organisasi untuk memastikan kejelasan peran dalam organisasi.
* Menganalisis produktivitas tenaga kerja dan distribusi beban kerja untuk mengidentifikasi kesenjangan efisiensi dan peluang perbaikan.
* Menyusun laporan dan dashboard produktivitas serta memberikan rekomendasi berbasis data kepada manajemen.

### Persyaratan

* Lulusan S1 Teknik Industri atau Manajemen (fokus HR/OD).
* Memiliki pengalaman di bidang Organizational Development, evaluasi jabatan, atau analisis produktivitas menjadi nilai tambah.
* Memiliki kemampuan analisis, komunikasi, dan manajemen stakeholder yang baik, serta menguasai Excel (pengalaman menggunakan Power BI/HRIS menjadi nilai tambah).

### Tentang Perusahaan

#### United Tractors Pandu Engineering

PT United Tractors Pandu Engineering through its brand, PATRiA was established in February 8, 1983. It was initially built to meet the increasing demand of industries development in Indonesia. As one of Indonesia's leading company in heavy equipment manufacturing engineering, PATRiA provides solut...

#### Alamat Kantor

Jl Jababeka XI Blok H 30 sd 40 Kawasan Industri Jababeka Cikarang 17530 Indonesia

#### Industri

AHEMCE

#### Website

https://www.patria.co.id/

Lihat Detail Perusahaan",2026-07-29T14:13:13Z,4a23ba54-97cb-4764-bcbd-a096c354f251,id,2026-08-29T01:34:15Z,2026-08-29T01:34:15Z,"Indonesia, South-eastern Asia, Asia","[{""city"": null, ""state"": null, ""zip_code"": null, ""country"": ""Indonesia"", ""region"": ""South-eastern Asia"", ""continent"": ""Asia"", ""fuzzy_match"": false}]",Organizational Development Specialist,"{""code"": ""11-3131.00"", ""family"": ""Management"", ""occupation_name"": ""Training and Development Managers""}",,"{""name"": null, ""title"": null, ""contact"": null}",,"{""salary_low"": null, ""salary_high"": null, ""salary_currency"": null, ""salary_low_usd"": null, ""salary_high_usd"": null, ""salary_time_unit"": null}",mid_senior,,"[""HRIS"", ""HRIS"", ""Power BI""]",Organizational Development & Performance - UTPE,Organizational Development & Performance Specialist,https://career.astra.co.id/lowongan/lowongan-detail-page/14698/Organizational%20Development%20&%20Performance%20-%20UTPE
astra.co.id,"[""administration"", ""management"", ""operations""]",astra.co.id,[]," **Deskripsi Pekerjaan**  
  

- Memastikan penerapan kaidah mutu, keselamatan, kesehatan kerja, dan lingkungan sesuai dengan sistem manajemen yang berlaku dalam seluruh aktivitas pekerjaan.
- Memastikan penerapan kaidah pengelolaan K3 dan KO (Keselamatan Operasi) yang baik dalam proses bisnis perusahaan.
- Menjalankan program kerja untuk mencapai objective yang telah ditetapkan.
- Mengontrol dan mengoordinasikan tim operasional serta memastikan faktor keselamatan diterapkan sesuai dengan ketentuan yang berlaku.  
  
**Persyaratan**  
  

- Pendidikan D3/S1 dari jurusan yang relevan.
- Memiliki kemampuan administrasi dan pengelolaan dokumen yang baik.
- Mampu melakukan monitoring dan pengendalian aktivitas atau pekerjaan proyek.
- Memiliki kemampuan koordinasi dan komunikasi yang baik.
- Mampu mengoperasikan Microsoft Office, khususnya Microsoft Excel.
- Memiliki pemahaman mengenai prinsip-prinsip Keselamatan dan Kesehatan Kerja (K3) serta Keselamatan Operasi (KO).
",2026-07-29T10:00:00Z,24cd68d9-793b-4654-8665-58434c67d604,id,2026-08-27T16:00:00Z,2026-08-27T16:00:00Z,"Jakarta, Jakarta, Indonesia",[],Admin & Project Controller - GSI,"{""code"": ""13-1082.00"", ""family"": ""Business and Financial Operations"", ""occupation_name"": ""Project Management Specialists""}",2026-07-27T16:48:37Z,"{""name"": null, ""title"": null, ""contact"": null}",,"{""salary_low"": null, ""salary_high"": null, ""salary_currency"": null, ""salary_low_usd"": null, ""salary_high_usd"": null, ""salary_time_unit"": null}",mid_senior,closed,"[""Microsoft"", ""Microsoft Excel"", ""Microsoft Office""]",Admin & Project Controller - GSI,Admin & Project Controller - GSI,https://www.linkedin.com/jobs/view/4445205955/
astra.co.id,"[""management"", ""sales""]",astra.co.id,[]," **Deskripsi Pekerjaan**  
  

- Menyusun dan menjalankan rencana penjualan wilayah sesuai target perusahaan dan kondisi pasar.
- Mengendalikan dan memastikan efektivitas program marketing untuk mendukung aktivitas penjualan di area tanggung jawab.
- Memonitor dan mengevaluasi kinerja penjualan main dealer, termasuk performa sell-in dan sell-out.
- Menyusun laporan penjualan serta melakukan review kinerja secara berkala (bulanan, kuartalan, dan tahunan) untuk mengidentifikasi peluang perbaikan dan mengarahkan pencapaian target.  
  
**Persyaratan**  
  

- Bersedia bekerja di wilayah barat dan timur Indonesia.
- Pendidikan minimal S1 semua jurusan.
- Memiliki pengalaman di bidang sales supervisi atau manajemen penjualan area menjadi nilai tambah.
- Memahami perencanaan penjualan, pemantauan kinerja serta evaluasi pencapaian sales melalui laporan dan analisa penjualan.
",2026-07-29T10:00:00Z,55e18db0-f520-4e6f-bba6-3175b621c016,id,2026-08-27T16:00:00Z,2026-08-27T16:00:00Z,"Jakarta, Jakarta, Indonesia",[],District Sales Supervisor for Western &,"{""code"": ""41-1012.00"", ""family"": ""Sales and Related"", ""occupation_name"": ""First-Line Supervisors of Non-Retail Sales Workers""}",2026-07-26T22:00:38Z,"{""name"": null, ""title"": null, ""contact"": null}",,"{""salary_low"": null, ""salary_high"": null, ""salary_currency"": null, ""salary_low_usd"": null, ""salary_high_usd"": null, ""salary_time_unit"": null}",manager,closed,[],District Sales Supervisor for Western & Eastern Indonesia - AOP,District Sales Supervisor for Western & Eastern Indonesia - AOP,https://www.linkedin.com/jobs/view/4444703497/
astra.co.id,"[""finance""]",astra.co.id,"[""full_time""]","### Risk Analyst - SMI

Astra Financial - Sedaya Multi Investama

Audit and Risk Management

Lulusan Baru/Mahasiswa

Batas Lamar: 30 Januari 2027

### Deskripsi Pekerjaan

* Menyusun dan menganalisis laporan Manajemen Risiko PIKK melalui konsolidasi, verifikasi, dan pengolahan data risiko dari anggota Konglomerasi Keuangan Astra.
* Menyusun dan memperbarui kebijakan, pedoman, serta prosedur Manajemen Risiko sesuai ketentuan regulator.
* Melakukan monitoring dan analisis implementasi manajemen risiko, termasuk Risk Capacity & Capability, Top Risk, Emerging Risk, Risk Limit, dan Accountability Report.
* Mendukung implementasi program Risk Culture, Business Continuity Management (BCM), serta pengembangan proses bisnis melalui penyusunan dan review SOP/IK.

### Persyaratan

* Minimal sarjana Ekonomi, Manajemen, Matematika, Statistika, Teknik Industri, atau bidang lain yang relevan.
* 1-3 tahun pengalaman di bidang Risk Management, Regulatory Reporting, Risk Policy, atau bidang terkait.
* Memahami konsep Enterprise Risk Management, manajemen risiko terintegrasi, serta regulasi OJK terkait.
* Memiliki kemampuan analisis data, penyusunan laporan, dan problem solving yang baik.
",2026-07-28T13:56:11Z,03482639-ffd1-49cd-9770-34353de7e359,id,2026-07-31T17:34:25Z,2026-07-30T14:33:23Z,"Lamar, Colorado, United States, Northern America, Americas","[{""city"": ""Lamar"", ""state"": ""Colorado"", ""zip_code"": null, ""country"": ""United States"", ""region"": ""Northern America"", ""continent"": ""Americas"", ""fuzzy_match"": false}]",Risk Analyst - SMI,"{""code"": ""13-2054.00"", ""family"": ""Business and Financial Operations"", ""occupation_name"": ""Financial Risk Specialists""}",,"{""name"": null, ""title"": null, ""contact"": null}",,"{""salary_low"": null, ""salary_high"": null, ""salary_currency"": null, ""salary_low_usd"": null, ""salary_high_usd"": null, ""salary_time_unit"": null}",mid_senior,closed,[],Risk Analyst - SMI,Risk Analyst - SMI,https://career.astra.co.id/lowongan/lowongan-detail-page/14695/Risk%20Analyst%20-%20SMI
astra.co.id,"[""human_resources""]",astra.co.id,"[""full_time""]","### Human Capital Associate - BP

Human Capital

Lulusan Baru/Mahasiswa

Batas Lamar : 30 Januari 2027

Lowongan / Detail pekerjaan

### Human Capital Associate - BP

Bina Pertiwi

Human Capital

Lulusan Baru/Mahasiswa

Batas Lamar: 30 Januari 2027

### Deskripsi Pekerjaan

Posisi ini bertanggung jawab untuk merancang, mengimplementasikan, dan mengevaluasi berbagai program yang mendukung pengembangan karyawan (people development), budaya organisasi (culture), serta knowledge management sesuai dengan kebutuhan dan strategi bisnis perusahaan. Pekerjaan meliputi pengelolaan program pengembangan karyawan, penyusunan Individual Development Plan (IDP), Individual Career Plan (ICP), dan pengembangan kompetensi.

Posisi ini juga berperan dalam mengembangkan dan mengimplementasikan budaya organisasi melalui berbagai inisiatif budaya, pengelolaan change champion, monitoring implementasi budaya, serta evaluasi efektivitas program culture dan knowledge management. Selain itu, posisi ini bertanggung jawab dalam mengembangkan strategi, framework, dan program knowledge management untuk mendorong pembelajaran dan kolaborasi di seluruh organisasi.

Peran ini juga berfokus pada pelaksanaan project improvement dan pembaruan kebijakan terkait culture & people development, melakukan monitoring dan evaluasi efektivitas program, serta memastikan seluruh inisiatif pengembangan karyawan dan budaya organisasi berjalan secara berkelanjutan untuk mendukung pencapaian tujuan bisnis perusahaan.

### Persyaratan

* S1 Psikologi/ Management/ Teknik Industri atau jurusan lain yang relevan
* Fresh Graduate atau memiliki pengalaman kerja yang relevan maksimal 2 tahun
* Memahami konsep people development dan program management secara umum
* Memiliki pola pikir yang sistematis
* Memiliki leadership skill dan interpersonal skill
* Memiliki integritas dan disiplin yang tinggi
* Memiliki kemampuan Bahasa Inggris dan Microsoft Office (Word, Excel, PPT) yang baik
* Memiliki kemampuan desain grafis dasar menjadi nilai tambah

### Tentang Perusahaan

#### Bina Pertiwi

PT Bina Pertiwi focusing Its business on Agriculture, Industrial, Construction, Mining and Energy sector. Fully owned by PT United Tractors, Tbk. which also member of PT Astra International, Tbk. Bina Pertiwi provide the best service and solution by strengthen our distribution network and competency...

#### Alamat Kantor

Jl Raya Bekasi KM 22 Cakung Barat Kota Jakarta Timur DKI Jakarta

#### Industri

AHEMCE

#### Website

-

Lihat Detail Perusahaan",2026-07-28T13:56:11Z,2761cd8a-c1e3-4059-86a6-0a6f99d6ba19,id,2026-08-16T06:21:41Z,2026-08-13T05:42:45Z,"Jakarta, Indonesia, South-eastern Asia, Asia","[{""city"": ""Jakarta"", ""state"": null, ""zip_code"": null, ""country"": ""Indonesia"", ""region"": ""South-eastern Asia"", ""continent"": ""Asia"", ""fuzzy_match"": false}]",Human Capital Associate,"{""code"": ""13-1071.00"", ""family"": ""Business and Financial Operations"", ""occupation_name"": ""Human Resources Specialists""}",,"{""name"": null, ""title"": null, ""contact"": null}",,"{""salary_low"": null, ""salary_high"": null, ""salary_currency"": null, ""salary_low_usd"": null, ""salary_high_usd"": null, ""salary_time_unit"": null}",junior,closed,[],Human Capital Associate - BP,Human Capital Associate - BP,https://career.astra.co.id/lowongan/lowongan-detail-page/14674/Human%20Capital%20Associate%20-%20BP
astra.co.id,"[""marketing""]",astra.co.id,"[""full_time""]","### Marketing Officer - Lexus Astra

Astra International - Lexus Sales Operation

Marketing

Lulusan Baru & Profesional

Batas Lamar: 31 Agustus 2026

### Deskripsi Pekerjaan

**Job Responsibility:**

* Bertanggung jawab menganalisis tren pasar dan data relevan lainnya untuk merancang strategi marketing untuk pasar Luxury
* Mengoordinasikan marketing activities di tingkat dealership agar selaras dengan standar dan nilai brand Lexus
* Mengelola integrated marketing strategy, mencakup ATL, BTL, media sosial, dan strategi marketing lainnya
* Bertanggung jawab menjaga reputasi dan image merk/perusahaan

**Contact:**

PT Astra International Tbk - Lexus Sales Operation

humancapital@lexus.astra.co.id

### Persyaratan

**Requirements:**

* Sarjana dengan IPK min. 3.30
* Berpengalaman selama 1 hingga 3 tahun di bidang terkait
* Freshgraduates dipersilakan untuk apply
* Mahir menggunakan alat-alat data analitik
* Kemampuan interpersonal, memecahkan masalah, kemampuan analitis, dan attention to detail yang kuat
* Kemampuan presentasi dan komunikasi yang baik
* Tangkas dan Responsif
* Memiliki passion di industri otomotif

### Tentang Perusahaan

#### Astra International - Lexus Sales Operation

PT Astra International Tbk - Lexus Sales Operation is an authorized dealer of Lexus in Indonesia. As the fastest growing company in the premium automotive industry, we are committed to delivering superior quality in everything we do and we are passionate about meeting individuals who are adventurous...

#### Alamat Kantor

#### Industri

#### Website

https://www.lexus.co.id/en.html",2026-07-28T13:56:11Z,76b4fdaa-0bac-4173-a64f-4b536c9491c8,id,2026-08-24T22:46:45Z,2026-08-21T16:16:25Z,"Indonesia, South-eastern Asia, Asia","[{""city"": null, ""state"": null, ""zip_code"": null, ""country"": ""Indonesia"", ""region"": ""South-eastern Asia"", ""continent"": ""Asia"", ""fuzzy_match"": false}]",Marketing Officer,"{""code"": ""11-2021.00"", ""family"": ""Management"", ""occupation_name"": ""Marketing Managers""}",,"{""name"": null, ""title"": null, ""contact"": null}",,"{""salary_low"": null, ""salary_high"": null, ""salary_currency"": null, ""salary_low_usd"": null, ""salary_high_usd"": null, ""salary_time_unit"": null}",mid_senior,closed,[],Marketing Officer - Lexus Astra,Marketing Officer,https://career.astra.co.id/lowongan/lowongan-detail-page/14686/Marketing%20Officer%20-%20Lexus%20Astra
astra.co.id,"[""sales""]",astra.co.id,"[""full_time""]","### Sales Trainee Program - GSI

PT Global Service Indonesia

Sales

Semua

Batas Lamar: 30 Januari 2027

### Deskripsi Pekerjaan

* Mencari dan mengidentifikasi calon pelanggan yang berpotensi untuk mendukung pencapaian target penjualan.
* Menyusun rencana serta strategi aktivitas penjualan sesuai dengan target yang telah ditetapkan.
* Melakukan kunjungan kepada calon pelanggan untuk menggali kebutuhan dan membangun hubungan yang baik.
* Mempresentasikan produk serta memberikan solusi yang sesuai dengan kebutuhan pelanggan.
* Mendukung proses penjualan mulai dari administrasi pemesanan, koordinasi proses transaksi, hingga pelunasan oleh pelanggan.
* Membantu proses serah terima unit kepada pelanggan dan memastikan seluruh proses berjalan dengan baik.
* Melakukan tindak lanjut (follow up) kepada pelanggan untuk menjaga kepuasan serta membangun hubungan jangka panjang.
* Menyusun laporan aktivitas penjualan secara berkala kepada atasan.

### Persyaratan

* Pendidikan minimal SMA/SMK sederajat (lulusan baru dipersilakan melamar).
* Memiliki kemampuan komunikasi, negosiasi, dan presentasi yang baik.
* Berorientasi pada target serta memiliki motivasi tinggi untuk belajar di bidang penjualan.
* Memiliki kemampuan membangun hubungan yang baik dengan pelanggan (relationship building) dan berorientasi pada pelayanan (customer service orientation).
* Bersedia melakukan kunjungan ke pelanggan (mobile/field activity).
* Mampu mengendarai kendaraan roda dua atau roda empat.
* Memiliki SIM C aktif (SIM A menjadi nilai tambah).
* Mampu mengoperasikan Microsoft Office (Word, Excel, dan PowerPoint) sebagai nilai tambah.
* Memiliki sikap proaktif, disiplin, dan mampu bekerja secara individu maupun dalam tim.

### Tentang Perusahaan

#### PT Global Service Indonesia

PT Global Service Indonesia (GSI) was established in December 24, 2014 under Yayasan Karya Bakti United Tractors (Member of ASTRA) which provide Manpower Solution, Digital Solution and Process Solution.

#### Alamat Kantor

Jalan Raya Bekasi KM 22 Cakung Jakarta Timur DKI Jakarta 13910

#### Industri

AHEMCE

#### Website

https://globalservice.co.id",2026-07-27T13:48:27Z,d4c80146-0592-4acb-a002-c8ea20e00bd3,id,2026-07-30T18:09:30Z,2026-08-05T17:19:14Z,"Jakarta, Indonesia, South-eastern Asia, Asia","[{""city"": ""Jakarta"", ""state"": null, ""zip_code"": null, ""country"": ""Indonesia"", ""region"": ""South-eastern Asia"", ""continent"": ""Asia"", ""fuzzy_match"": false}]",Sales Trainee,"{""code"": ""41-2031.00"", ""family"": ""Sales and Related"", ""occupation_name"": ""Retail Salespersons""}",,"{""name"": null, ""title"": null, ""contact"": null}",,"{""salary_low"": null, ""salary_high"": null, ""salary_currency"": null, ""salary_low_usd"": null, ""salary_high_usd"": null, ""salary_time_unit"": null}",junior,closed,[],Sales Trainee Program - GSI,Sales Trainee,https://career.astra.co.id/lowongan/lowongan-detail-page/14684/Sales%20Trainee%20Program%20-%20GSI
astra.co.id,"[""marketing"", ""operations""]",astra.co.id,"[""full_time""]","### Sales Planning Analyst - DSO

Astra International - Daihatsu Sales Operation

Marketing

Lulusan Baru/Mahasiswa

Batas Lamar: 30 Januari 2027

### Deskripsi Pekerjaan

* Menyusun dan menganalisa laporan hasil penjualan serta *forecast* market harian dan bulanan.
* Melakukan monitoring terhadap sistem distribusi unit untuk memastikan operasional berjalan secara efektif dan efisien.
* Menyusun rencana pemesanan produksi sesuai dengan data *history* penjualan dan *forecast*.
* Melakukan alokasi unit kendaraan setiap bulan sesuai dengan kebutuhan bisnis dan perencanaan penjualan.

### Persyaratan

* Pendidikan minimal S1 dari jurusan Teknik Industri, Manajemen, Bisnis atau jurusan lain yang relevan.
* Memiliki kemampuan analisa dan *problem solving* yang baik.
* Memiliki kemampuan komunikasi dan kolaborasi yang baik dengan berbagai pihak.
* Menguasai Microsoft Excel dan pengolahan data.
* Memahami konsep *reporting* dan *forecasting*.
* Teliti serta mampu bekerja dengan data secara akurat.
* Tertarik pada bidang *sales operation, business planning*, dan *distribution management* (menjadi *plus point*).

### Tentang Perusahaan

#### Astra International - Daihatsu Sales Operation

PT Astra International Tbk Daihatsu Sales Operation (AI-DSO), commonly known as Astra Daihatsu, was established in 1973. It serves as the sole distributor and retailer of Daihatsu vehicles in Indonesia, offering a diverse range of products and services. With over 125 authorized outlets nationwide, ...

#### Alamat Kantor

Jl Yos Sudarso Kav 24 Sunter Jakarta

#### Industri

Otomotif

#### Website

-

Lihat Detail Perusahaan",2026-07-25T13:32:32Z,1e0c7903-4b68-4c6a-8de7-11f7e14ccd74,en,2026-08-29T23:58:05Z,2026-08-29T23:58:05Z,"Jakarta, Indonesia, South-eastern Asia, Asia","[{""city"": ""Jakarta"", ""state"": null, ""zip_code"": null, ""country"": ""Indonesia"", ""region"": ""South-eastern Asia"", ""continent"": ""Asia"", ""fuzzy_match"": false}]",Sales Planning Analyst - DSO,"{""code"": ""13-1161.00"", ""family"": ""Business and Financial Operations"", ""occupation_name"": ""Market Research Analysts and Marketing Specialists""}",,"{""name"": null, ""title"": null, ""contact"": null}",,"{""salary_low"": null, ""salary_high"": null, ""salary_currency"": null, ""salary_low_usd"": null, ""salary_high_usd"": null, ""salary_time_unit"": null}",junior,,[],Sales Planning Analyst - DSO,,https://career.astra.co.id/lowongan/lowongan-detail-page/14685/Sales%20Planning%20Analyst%20-%20DSO
astra.co.id,"[""administration""]",astra.co.id,"[""full_time""]","### Admin & Project Controller - GSI

Administration and Clerical

Semua

Batas Lamar : 30 Januari 2027

Lowongan / Detail pekerjaan

### Admin & Project Controller - GSI

PT Global Service Indonesia

Administration and Clerical

Semua

Batas Lamar: 30 Januari 2027

### Deskripsi Pekerjaan

* Memastikan penerapan kaidah mutu, keselamatan, kesehatan kerja, dan lingkungan sesuai dengan sistem manajemen yang berlaku dalam seluruh aktivitas pekerjaan.
* Memastikan penerapan kaidah pengelolaan K3 dan KO (Keselamatan Operasi) yang baik dalam proses bisnis perusahaan.
* Menjalankan program kerja untuk mencapai objective yang telah ditetapkan.
* Mengontrol dan mengoordinasikan tim operasional serta memastikan faktor keselamatan diterapkan sesuai dengan ketentuan yang berlaku.

### Persyaratan

* Pendidikan D3/S1 dari jurusan yang relevan.
* Memiliki kemampuan administrasi dan pengelolaan dokumen yang baik.
* Mampu melakukan monitoring dan pengendalian aktivitas atau pekerjaan proyek.
* Memiliki kemampuan koordinasi dan komunikasi yang baik.
* Mampu mengoperasikan Microsoft Office, khususnya Microsoft Excel.
* Memiliki pemahaman mengenai prinsip-prinsip Keselamatan dan Kesehatan Kerja (K3) serta Keselamatan Operasi (KO).

### Tentang Perusahaan

#### PT Global Service Indonesia

PT Global Service Indonesia (GSI) was established in December 24, 2014 under Yayasan Karya Bakti United Tractors (Member of ASTRA) which provide Manpower Solution, Digital Solution and Process Solution.

#### Alamat Kantor

Jalan Raya Bekasi KM 22 Cakung Jakarta Timur DKI Jakarta 13910

#### Industri

AHEMCE

#### Website

https://globalservice.co.id",2026-07-25T13:32:32Z,4b5f0a48-cfd4-4a3d-80a3-dab486f81d39,en,2026-08-30T03:22:50Z,2026-08-28T03:17:05Z,"Jakarta, Indonesia, South-eastern Asia, Asia","[{""city"": ""Jakarta"", ""state"": null, ""zip_code"": null, ""country"": ""Indonesia"", ""region"": ""South-eastern Asia"", ""continent"": ""Asia"", ""fuzzy_match"": false}]",Admin & Project Controller - GSI,"{""code"": ""13-1082.00"", ""family"": ""Business and Financial Operations"", ""occupation_name"": ""Project Management Specialists""}",,"{""name"": null, ""title"": null, ""contact"": null}",,"{""salary_low"": null, ""salary_high"": null, ""salary_currency"": null, ""salary_low_usd"": null, ""salary_high_usd"": null, ""salary_time_unit"": null}",mid_senior,,[],Admin & Project Controller - GSI,,https://career.astra.co.id/lowongan/lowongan-detail-page/14675/Admin%20&%20Project%20Controller%20-%20GSI
astra.co.id,"[""finance"", ""information_technology""]",astra.co.id,"[""full_time""]","### Audit & Risk Development Program Batch 16

Audit and Risk Management

Lulusan Baru/Mahasiswa

Batas Lamar : 31 Januari 2027

Lowongan / Detail pekerjaan

### Audit & Risk Development Program Batch 16

PT Astra International Tbk - Head Office

Audit and Risk Management

Lulusan Baru/Mahasiswa

Batas Lamar: 31 Januari 2027

### Deskripsi Pekerjaan

Audit & Risk Development Program Batch 16 adalah program pengembangan yang dirancang untuk membekali para talenta dengan kompetensi esensial (technical dan behavior) untuk menjadi Internal Auditor dan Analyst profesional sesuai dengan standar Astra Group.

### Persyaratan

* Lulusan baru atau pengalaman kerja maksimal 2 tahun, dengan minat di bidang Audit & Risk Management
* Lulusan Sarjana (S1) dengan preferensi jurusan sebagai berikut: Ekonomi & Bisnis, Teknik, IT, Informatika Statistika, Aktuaria atau Matematika.
* Bersedia untuk sering melakukan perjalanan dinas di seluruh Indonesia dan ditempatkan di Perusahaan Grup Astra seluruh Indonesia
* Menunjukkan kemampuan analitis, kritis, dan interpersonal yang baik.
* Menunjukkan keinginan untuk belajar yang tinggi, tekun, memiliki rasa ingin tahu yang tinggi dan agile
* Fasih dalam berbahasa Inggris (baik verbal maupun non-verbal)",2026-07-24T13:27:47Z,2c799faa-f665-4fa7-b114-b3c2303d2bcb,id,2026-07-30T18:09:26Z,2026-07-27T14:29:22Z,"Indonesia, South-eastern Asia, Asia","[{""city"": null, ""state"": null, ""zip_code"": null, ""country"": ""Indonesia"", ""region"": ""South-eastern Asia"", ""continent"": ""Asia"", ""fuzzy_match"": false}]",Audit and Risk Development Program,"{""code"": ""13-2011.00"", ""family"": ""Business and Financial Operations"", ""occupation_name"": ""Accountants and Auditors""}",,"{""name"": null, ""title"": null, ""contact"": null}",,"{""salary_low"": null, ""salary_high"": null, ""salary_currency"": null, ""salary_low_usd"": null, ""salary_high_usd"": null, ""salary_time_unit"": null}",junior,closed,[],Audit & Risk Development Program Batch 16,Audit & Risk Development Program Trainee,https://career.astra.co.id/lowongan/lowongan-detail-page/14680/Audit%20&%20Risk%20Development%20Program%20Batch%2016
astra.co.id,"[""product_management""]",astra.co.id,[],"### Product Analyst - SMI

Astra Financial - Sedaya Multi Investama

Sales

Semua

Batas Lamar: 31 Desember 2026

### Deskripsi Pekerjaan

1. 1. Membuat rancangan pengembangan produk data, API dan/atau platform berdasarkan hasil riset produk, kebutuhan requestor, maupun analisis produk.
2. Melakukan monitoring dan koordinasi terhadap progres pengembangan produk, termasuk pelaksanaan pengujian (testing) untuk memastikan produk sesuai dengan kebutuhan dan spesifikasi yang telah ditetapkan.
3. Melakukan monitoring terhadap penggunaan, performa, dan efisiensi produk data maupun API; menganalisis hasilnya; serta menyusun dan menindaklanjuti rencana improvement secara berkelanjutan.
4. Mengumpulkan, mendokumentasikan, dan memelihara informasi produk data dan API yang telah dikembangkan untuk penyusunan katalog produk, serta melakukan sosialisasi kepada pihak terkait.
5. Melakukan tindak lanjut dan koordinasi penyelesaian apabila pengguna produk mengalami kendala, isu, atau permasalahan terkait penggunaan produk, termasuk bekerja sama dengan tim teknis terkait.

### Persyaratan

1. Memiliki pengalaman kerja 1-3 tahun di bidang product management.
2. Memiliki pemahaman yang baik mengenai industri digital, khususnya terkait data, platform, dan API.
3. Memiliki kemampuan project management, termasuk perencanaan, koordinasi, dan monitoring proyek.
4. Memiliki pemahaman dasar mengenai Software Development Life Cycle (SDLC).
5. Memiliki pemahaman dasar mengenai implementasi ISO 27001.
6. Memiliki pemahaman dasar mengenai data management, termasuk data lifecycle, data quality, dan data governance.
7. Penempatan kerja di Astra Integrasi Digital (AID).",2026-07-23T13:20:46Z,6db7eb46-4b02-451e-b416-2e8855e68eec,id,2026-08-01T19:46:59Z,2026-07-29T15:10:30Z,"Jakarta, Indonesia, South-eastern Asia, Asia","[{""city"": ""Jakarta"", ""state"": null, ""zip_code"": null, ""country"": ""Indonesia"", ""region"": ""South-eastern Asia"", ""continent"": ""Asia"", ""fuzzy_match"": false}]",Product Analyst - SMI,"{""code"": ""15-2051.01"", ""family"": ""Computer and Mathematical"", ""occupation_name"": ""Business Intelligence Analysts""}",,"{""name"": null, ""title"": null, ""contact"": null}",,"{""salary_low"": null, ""salary_high"": null, ""salary_currency"": null, ""salary_low_usd"": null, ""salary_high_usd"": null, ""salary_time_unit"": null}",mid_senior,closed,[],Product Analyst - SMI,Product Analyst - SMI,https://career.astra.co.id/lowongan/lowongan-detail-page/14579/Product%20Analyst%20-%20SMI
astra.co.id,"[""human_resources""]",astra.co.id,"[""full_time""]","### Industrial Relations - UTPE

United Tractors Pandu Engineering

Human Capital

Lulusan Baru/Mahasiswa

Batas Lamar: 30 September 2026

### Deskripsi Pekerjaan

* Memastikan pengelolaan hubungan industrial berjalan sesuai dengan Regulasi Ketenagakerjaan, Peraturan Perusahaan/PKB, dan kebijakan internal perusahaan (IR Compliance).
* Mengelola penanganan kasus hubungan industrial secara objektif, mulai dari pemeriksaan, investigasi, analisis fakta, dokumentasi, rekomendasi, termasuk memfasilitasi penyelesaian perselisihan hubungan industrial. (Employee Case Handling).
* Mengelola proses pembinaan disiplin, pemberian sanksi, dan pemutusan hubungan kerja sesuai ketentuan hukum dan perusahaan yang berlaku (Dispute Resolution).
* Mengelola hubungan yang konstruktif dengan karyawan, serikat pekerja, instansi ketenagakerjaan, dan lembaga tripartit (Employee Relations, Labour Relations, Tripartite Relations).
* Melakukan monitoring dan pelaporan atas kondisi, tren kasus, serta risiko hubungan industrial yang terjadi dalam internal perusahaan secara korporasi.

### Persyaratan

* Pendidikan minimal S1 Hukum, Manajemen SDM, Psikologi, atau jurusan terkait.
* Memiliki pengalaman minimal 1-2 tahun di bidang Industrial Relations/Human Capital.
* Memahami regulasi ketenagakerjaan dan praktik hubungan industrial di Indonesia.
* Berpengalaman menangani kasus hubungan industrial, investigasi, pembinaan disiplin, hingga penyelesaian perselisihan.
* Memiliki kemampuan komunikasi, negosiasi, analisis, dan problem solving yang baik.
* Mampu menyusun dokumen hubungan industrial serta mengoperasikan Microsoft Office.
* Mampu bekerja secara objektif, menjaga kerahasiaan, dan berkoordinasi dengan berbagai stakeholder internal maupun eksternal.

### Tentang Perusahaan

#### United Tractors Pandu Engineering

PT United Tractors Pandu Engineering through its brand, PATRiA was established in February 8, 1983. It was initially built to meet the increasing demand of industries development in Indonesia. As one of Indonesia's leading company in heavy equipment manufacturing engineering, PATRiA provides solut...

#### Alamat Kantor

Jl Jababeka XI Blok H 30 sd 40 Kawasan Industri Jababeka Cikarang 17530 Indonesia

#### Industri

AHEMCE

#### Website

https://www.patria.co.id/

Lihat Detail Perusahaan",2026-07-23T13:20:46Z,74b4085e-aa08-4b94-8c49-5e48a341b9ce,id,2026-08-30T00:51:55Z,2026-08-28T00:45:55Z,"Indonesia, South-eastern Asia, Asia","[{""city"": null, ""state"": null, ""zip_code"": null, ""country"": ""Indonesia"", ""region"": ""South-eastern Asia"", ""continent"": ""Asia"", ""fuzzy_match"": false}]",Industrial Relations Specialist,"{""code"": ""13-1075.00"", ""family"": ""Business and Financial Operations"", ""occupation_name"": ""Labor Relations Specialists""}",,"{""name"": null, ""title"": null, ""contact"": null}",,"{""salary_low"": null, ""salary_high"": null, ""salary_currency"": null, ""salary_low_usd"": null, ""salary_high_usd"": null, ""salary_time_unit"": null}",mid_senior,,"[""Microsoft"", ""Microsoft Office""]",Industrial Relations - UTPE,Industrial Relations Specialist,https://career.astra.co.id/lowongan/lowongan-detail-page/14531/Industrial%20Relations%20-%20UTPE
astra.co.id,"[""marketing""]",astra.co.id,"[""full_time""]","### Corporate Communication Analyst - Astra Infra Toll Road Cikopo - Palimanan

Lintas Marga Sedaya

Communication

Semua

Batas Lamar: 30 Januari 2027

### Deskripsi Pekerjaan

* Merancang dan melaksanakan program komunikasi internal dan eksternal perusahaan.
* Mengembangkan materi komunikasi korporat dalam bentuk visual, audiovisual, dan konten digital.
* Mengelola kanal komunikasi digital perusahaan, termasuk website dan media sosial.
* Membuat dan mengelola konten yang mendukung citra serta reputasi perusahaan.
* Melakukan monitoring dan analisis performa komunikasi digital dan media sosial.
* Mengelola komunikasi dan penanganan keluhan pelanggan dengan berkoordinasi bersama unit terkait.
* Membangun dan menjaga hubungan baik dengan stakeholder perusahaan serta mengelola dokumentasi aktivitas komunikasi.

### Persyaratan

* Minimal S1 Ilmu Komunikasi, Marketing Communication, Public Relations, atau bidang terkait.
* Memiliki pengalaman minimal 1 tahun di bidang terkait; Fresh Graduate dipersilakan melamar.
* Memiliki kemampuan interpersonal dan teamwork yang baik.
* Mampu membuat desain grafis dan konten video menggunakan tools relevan (Adobe, Canva, CapCut, atau sejenisnya).
* Memahami pengelolaan serta analisis performa media sosial dan kanal digital lainnya.
* Memiliki kemampuan Analysis & Judgment, serta Drive & Courage yang baik.
",2026-07-22T13:14:26Z,5e61f8b0-4eba-4cb7-a187-75ae093eba1f,id,2026-08-29T01:34:49Z,2026-08-29T01:34:49Z,"Indonesia, South-eastern Asia, Asia","[{""city"": null, ""state"": null, ""zip_code"": null, ""country"": ""Indonesia"", ""region"": ""South-eastern Asia"", ""continent"": ""Asia"", ""fuzzy_match"": false}]",Corporate Communication Analyst,"{""code"": ""15-2051.01"", ""family"": ""Computer and Mathematical"", ""occupation_name"": ""Business Intelligence Analysts""}",,"{""name"": null, ""title"": null, ""contact"": null}",,"{""salary_low"": null, ""salary_high"": null, ""salary_currency"": null, ""salary_low_usd"": null, ""salary_high_usd"": null, ""salary_time_unit"": null}",junior,,[],Corporate Communication Analyst - Astra Infra Toll Road Cikopo - Palimanan,Corporate Communication Analyst,https://career.astra.co.id/lowongan/lowongan-detail-page/14673/Corporate%20Communication%20Analyst%20-%20Astra%20Infra%20Toll%20Road%20Cikopo%20-%20Palimanan
astra.co.id,"[""support""]",astra.co.id,"[""full_time""]","### Patient Experience - HRT

PT Jakarta Pakar Kardia (Heartology Cardiovascular Hospital)

Hospitality

Profesional

Batas Lamar: 30 Januari 2027

### Deskripsi Pekerjaan

* Memastikan pengalaman pasien berjalan dengan baik selama proses pelayanan di rumah sakit.
* Menangani pertanyaan, masukan, dan keluhan pasien serta melakukan tindak lanjut yang diperlukan.
* Melakukan pemantauan dan pengukuran kepuasan pasien melalui survei, observasi, atau media lainnya.
* Berkoordinasi dengan unit terkait untuk meningkatkan kualitas pelayanan dan menyelesaikan permasalahan pasien.
* Menyusun laporan dan memberikan rekomendasi perbaikan berdasarkan hasil evaluasi pengalaman dan kepuasan pasien.

### Persyaratan

* S1 segala jurusan
* Pengalaman min. 2 tahun sebagai customer care/patient care/customer experience
* Lebih disukai memiliki pengalaman di rumah sakit
* Lebih disukai mampu berbahasa asing (bahasa Inggris, bahasa Mandarin, lainnya)
* Memiliki communication skill
* Memiliki kemampuan handling complain yang baik
* Customer oriented",2026-07-22T13:14:26Z,0664bc05-19c7-41fa-bc86-bfcfb87494d2,id,2026-08-30T00:52:21Z,2026-08-28T00:46:23Z,"Indonesia, South-eastern Asia, Asia","[{""city"": null, ""state"": null, ""zip_code"": null, ""country"": ""Indonesia"", ""region"": ""South-eastern Asia"", ""continent"": ""Asia"", ""fuzzy_match"": false}]",Patient Experience,"{""code"": ""29-2053.00"", ""family"": ""Healthcare Practitioners and Technical"", ""occupation_name"": ""Psychiatric Technicians""}",,"{""name"": null, ""title"": null, ""contact"": null}",,"{""salary_low"": null, ""salary_high"": null, ""salary_currency"": null, ""salary_low_usd"": null, ""salary_high_usd"": null, ""salary_time_unit"": null}",mid_senior,,[],Patient Experience - HRT,Patient Experience Specialist,https://career.astra.co.id/lowongan/lowongan-detail-page/14662/Patient%20Experience%20-%20HRT
astra.co.id,"[""sales"", ""healthcare_services""]",astra.co.id,"[""full_time""]","### Sales Medical Network Partnership - HRT

PT Jakarta Pakar Kardia (Heartology Cardiovascular Hospital)

Sales

Profesional

Batas Lamar: 30 Januari 2027

### Deskripsi Pekerjaan

* Mengidentifikasi, menjalin, dan memelihara hubungan kerja sama dengan dokter perujuk untuk meningkatkan jumlah rujukan pasien ke rumah sakit.
* Melakukan kunjungan rutin kepada dokter praktik, klinik, dan fasilitas kesehatan guna memperkenalkan layanan, dokter spesialis, dan program rumah sakit.
* Membangun hubungan yang baik dengan dokter perujuk melalui komunikasi yang efektif, edukasi, serta kegiatan ilmiah maupun promosi.
* Berkoordinasi dengan tim medis dan unit terkait untuk memastikan proses rujukan berjalan lancar serta memberikan pelayanan yang optimal kepada dokter perujuk dan pasien.
* Menyusun laporan aktivitas, memantau pencapaian target rujukan, serta mengidentifikasi peluang pengembangan jaringan dokter perujuk.

### Persyaratan

* Pendidikan minimal S1 semua jurusan.
* Pengalaman minimal 2 tahun sebagai Sales Person.
* Memiliki pengalaman di bidang yang sama, lebih disukai dari industri kesehatan atau rumah sakit.
* Memiliki kemampuan komunikasi dan selling skill yang baik.
* Mampu bekerja dengan target.
* Memiliki jaringan relasi yang luas, khususnya dengan dokter-dokter.

### Tentang Perusahaan

#### PT Jakarta Pakar Kardia (Heartology Cardiovascular Hospital)

Heartology Cardiovascular Hospital is a hospital that focuses on providing complete cardiovascular services for adults and children, based on cutting-edge technology and an experienced medical team to provide a full range of services.

#### Alamat Kantor

#### Industri

Head Office

#### Website

https://heartology.id/",2026-07-22T13:14:26Z,1ff74b49-7f25-4e16-acc2-5d65dd3ef49d,en,2026-08-29T01:34:18Z,2026-08-29T01:34:18Z,"Lamar, Colorado, United States, Northern America, Americas","[{""city"": ""Lamar"", ""state"": ""Colorado"", ""zip_code"": null, ""country"": ""United States"", ""region"": ""Northern America"", ""continent"": ""Americas"", ""fuzzy_match"": false}]",Sales Medical Network Partnership - HRT,"{""code"": ""41-4011.00"", ""family"": ""Sales and Related"", ""occupation_name"": ""Sales Representatives, Wholesale and Manufacturing, Technical and Scientific Products""}",,"{""name"": null, ""title"": null, ""contact"": null}",,"{""salary_low"": null, ""salary_high"": null, ""salary_currency"": null, ""salary_low_usd"": null, ""salary_high_usd"": null, ""salary_time_unit"": null}",mid_senior,,[],Sales Medical Network Partnership - HRT,,https://career.astra.co.id/lowongan/lowongan-detail-page/14667/Sales%20Medical%20Network%20Partnership%20-%20HRT
astra.co.id,"[""manual_work""]",astra.co.id,[]," **Deskripsi Pekerjaan**  
  

- Menyusun dan mengembangkan detail engineering design untuk pekerjaan carpentry/interior kapal berdasarkan basic design dan spesifikasi proyek.
- Membuat dan mereview gambar detail interior kapal seperti cabin arrangement, furniture layout, ceiling, flooring, wall panel, dan perlengkapan interior lainnya.
- Menyiapkan production drawing dan installation drawing untuk kebutuhan fabrikasi dan instalasi interior kapal.
- Menentukan spesifikasi material carpentry seperti marine plywood, panel, insulation, flooring material, dan furniture kapal.
- Memastikan desain interior kapal memenuhi standar keselamatan, kenyamanan, serta regulasi klasifikasi kapal.
- Berkoordinasi dengan tim engineering lain seperti outfitting, piping, electrical, dan HVAC untuk memastikan integrasi desain berjalan baik.
- Memberikan dukungan teknis kepada tim produksi selama proses fabrikasi dan instalasi carpentry di kapal.  
  
**Persyaratan**  
  

- Pendidikan Minimal S1 Teknik Perkapalan, Teknik Mesin, Teknik Desain Interior, atau jurusan relevan.
- Pengalaman Minimal 1-2 tahun pengalaman di bidang carpentry engineering / ship interior design / outfitting engineering
- Fresh graduate dipertimbangkan untuk level junior dengan pengalaman magang atau project desain
- Diutamakan memiliki pengalaman di shipyard atau marine interior project.
- Kompetensi Teknis
- Memahami desain interior kapal dan sistem akomodasi kapal
- Memahami material carpentry untuk marine environment
- Mampu membaca dan membuat gambar teknik interior dan carpentry
- Menguasai software desain seperti: AutoCAD dan SketchUp / Rhino / 3D modelling software (nilai tambah)
- Memahami layout furniture dan cabin arrangement
- Memahami standar fire safety dan material requirement untuk interior kapal
- Memahami proses fabrikasi dan instalasi interior kapal
",2026-07-21T22:00:00Z,ffa1a8ef-5a31-4450-8bb9-0287914b2e12,id,2026-07-23T10:00:00Z,2026-07-23T10:00:00Z,"Jakarta, Jakarta, Indonesia",[],Carpenter Engineer,"{""code"": ""47-1011.00"", ""family"": ""Construction and Extraction"", ""occupation_name"": ""First-Line Supervisors of Construction Trades and Extraction Workers""}",2026-07-15T01:51:23Z,"{""name"": null, ""title"": null, ""contact"": null}",,"{""salary_low"": null, ""salary_high"": null, ""salary_currency"": null, ""salary_low_usd"": null, ""salary_high_usd"": null, ""salary_time_unit"": null}",junior,closed,"[""AutoCAD"", ""SketchUp"", ""Rhinoceros""]",Campus Hiring SBY - DE Carpenter Engineer - PMP,Carpenter Engineer,https://www.linkedin.com/jobs/view/4440814132/
astra.co.id,"[""human_resources""]",astra.co.id,"[""full_time""]","### Human Capital Officer - GSI

PT Global Service Indonesia

Human Capital

Semua

Batas Lamar: 30 Januari 2027

### Deskripsi Pekerjaan

* Mendukung seluruh aktivitas Culture & People Development dalam persiapan dan pelaksanaan berbagai program.
* Mendesain materi komunikasi visual untuk mendukung kebutuhan program dan komunikasi internal.
* Menyusun materi serta kebutuhan administrasi program.
* Mendukung koordinasi dan pelaksanaan kegiatan sesuai dengan kebutuhan perusahaan.

### Persyaratan

* Pendidikan D3 dari jurusan Psikologi, Manajemen, Ilmu Komunikasi, Desain Komunikasi Visual, atau jurusan relevan lainnya.
* Adaptif terhadap perkembangan teknologi digital dan AI serta mampu memanfaatkannya untuk mendukung pekerjaan dan pengembangan materi.
* Memiliki service mindset serta mampu memberikan dukungan dan pelayanan yang baik kepada pihak internal maupun stakeholder terkait.
* Memiliki kemampuan komunikasi dan koordinasi yang baik serta mampu bekerja sama dengan berbagai pihak dalam mendukung pelaksanaan program.

### Tentang Perusahaan

#### PT Global Service Indonesia

PT Global Service Indonesia (GSI) was established in December 24, 2014 under Yayasan Karya Bakti United Tractors (Member of ASTRA) which provide Manpower Solution, Digital Solution and Process Solution.

#### Alamat Kantor

Jalan Raya Bekasi KM 22 Cakung Jakarta Timur DKI Jakarta 13910

#### Industri

AHEMCE

#### Website

https://globalservice.co.id",2026-07-21T12:25:22Z,51a400fa-65f4-45f8-ba3b-7f7b593d3ed2,id,2026-08-05T20:36:16Z,2026-08-04T16:41:09Z,"Jakarta, Indonesia, South-eastern Asia, Asia","[{""city"": ""Jakarta"", ""state"": null, ""zip_code"": null, ""country"": ""Indonesia"", ""region"": ""South-eastern Asia"", ""continent"": ""Asia"", ""fuzzy_match"": false}]",Human Capital Officer - GSI,"{""code"": ""13-1071.00"", ""family"": ""Business and Financial Operations"", ""occupation_name"": ""Human Resources Specialists""}",,"{""name"": null, ""title"": null, ""contact"": null}",,"{""salary_low"": null, ""salary_high"": null, ""salary_currency"": null, ""salary_low_usd"": null, ""salary_high_usd"": null, ""salary_time_unit"": null}",mid_senior,closed,[],Human Capital Officer - GSI,Human Capital Officer - GSI,https://career.astra.co.id/lowongan/lowongan-detail-page/14671/Human%20Capital%20Officer%20-%20GSI
astra.co.id,"[""finance"", ""internship""]",astra.co.id,"[""work from home""]"," **Deskripsi Pekerjaan**  
  

- Membantu menyiapkan, menjalankan, dan melakukan monitoring campaign CRM melalui MoEngage (Push Notification, Email, dan WhatsApp).
- Membantu proses segmentasi pengguna sesuai kebutuhan campaign dan business unit.
- Melakukan quality assurance (QA) terhadap campaign sebelum dipublikasikan.
- Melakukan monitoring performa campaign serta menyusun laporan dan insight sederhana berdasarkan metrik seperti Delivery Rate, Open Rate, CTR, dan Conversion Rate.
- Menyusun materi presentasi, dokumentasi, notulen meeting (MoM), serta melakukan follow-up terhadap action items.
- Membantu melakukan analisis sederhana terhadap perilaku pengguna dan efektivitas campaign untuk mendukung pengambilan keputusan.
- Mendukung pengembangan proses dan inisiatif CRM guna meningkatkan customer engagement, first transaction, re-transaction, dan customer retention.  
  
**Persyaratan**  
  

- Sedang berkuliah (min. semester 6) atau fresh graduate dari program studi Sistem Informasi, Teknik Informatika, Data Science, Manajemen, Bisnis Digital, dan program studi relevan lainnya.
- Memiliki pengalaman yang berkaitan dengan CRM, Digital Marketing, dan sejenisnya.
- Memiliki kemampuan analitis yang baik serta terbiasa bekerja menggunakan data.
- Teliti, detail-oriented, dan memiliki kemampuan problem solving yang baik.
- Mampu berkomunikasi dan berkoordinasi dengan berbagai stakeholder lintas fungsi.
- Memiliki kemampuan manajemen waktu yang baik serta mampu menangani beberapa pekerjaan secara bersamaan.
- Cepat belajar terhadap tools dan teknologi baru.
- Memiliki pengalaman dalam menggunakan Microsoft Office, Google Workspace, atau project management tools lain menjadi nilai tambah.
- Bersedia menjalani Work From Office (WFO) 4 hari dan Work From Home (WFH) 1 hari di Jakarta.
",2026-07-19T10:06:54Z,6943d423-eeee-4f22-afba-9328fc47cee0,id,2026-08-29T04:00:00Z,2026-08-29T04:00:00Z,"Jakarta, Jakarta, Indonesia",[],Customer Relationship Management Intern,"{""code"": ""43-4051.00"", ""family"": ""Office and Administrative Support"", ""occupation_name"": ""Customer Service Representatives""}",2026-07-15T12:03:43Z,"{""name"": null, ""title"": null, ""contact"": null}",,"{""salary_low"": null, ""salary_high"": null, ""salary_currency"": null, ""salary_low_usd"": null, ""salary_high_usd"": null, ""salary_time_unit"": null}",junior,,"[""Microsoft"", ""Marketing Campaigns"", ""Google"", ""MoEngage"", ""Google Workspace"", ""WhatsApp"", ""Microsoft Office""]",Customer Relationship Management Intern- AstraPay,Customer Relationship Management Intern,https://www.linkedin.com/jobs/view/4440804629/
astra.co.id,"[""purchasing""]",astra.co.id,[]," **Deskripsi Pekerjaan**  
  

- Melaksanakan proses pengadaan barang dan jasa sesuai kebutuhan perusahaan (PR to PO). 
- Mencari dan melakukan seleksi vendor/supplier yang kompeten dan sesuai standar perusahaan. 
- Melakukan permintaan penawaran harga (RFQ) dan melakukan negosiasi harga, kualitas, dan waktu pengiriman. 
- Membuat dan memproses Purchase Order (PO) sesuai kebutuhan operasional. 
- Memastikan barang/jasa yang dibeli sesuai spesifikasi, kualitas, dan waktu yang telah disepakati. 
- Melakukan monitoring pengiriman barang dan koordinasi dengan vendor serta user terkait. 
- Menjalin dan menjaga hubungan baik dengan vendor/supplier. 
- Melakukan evaluasi performa vendor secara berkala (harga, kualitas, delivery). 
- Mengontrol dokumen pembelian seperti PO, invoice, kontrak, dan dokumen pendukung lainnya. 
- Berkoordinasi dengan divisi terkait (Finance, Warehouse, User Department) terkait proses pembelian. 
- Memastikan proses pengadaan sesuai dengan SOP, kebijakan perusahaan, dan prinsip efisiensi biaya. 
- Membuat laporan pembelian dan cost saving secara berkala kepada atasan.  
  
**Persyaratan**  
  

- Pendidikan:
- Minimal D3 (diutamakan: Manajemen, Akuntansi, Teknik Industri, Supply Chain, atau Perkapalan)
- Pengalaman:
- Minimal 1-2 tahun pengalaman di bidang Purchasing / Procurement / Supply Chain
- Diutamakan memiliki pengalaman di perusahaan manufaktur, maritim, konstruksi, atau industri sejenis
- Kompetensi Teknis: 
- Memahami proses procurement (PR, RFQ, PO, GR, Invoice)
- Mampu melakukan negosiasi dengan vendor
- Mampu melakukan analisa harga dan cost comparison
- Terbiasa menggunakan sistem ERP (SAP, Oracle, Accurate, dll menjadi nilai tambah)
- Menguasai Microsoft Office (Excel, Word, PowerPoint)
",2026-07-19T10:06:54Z,aba7d702-92b3-4337-a70d-f24ca7ac31a2,id,2026-07-24T04:00:00Z,2026-07-24T04:00:00Z,"Jakarta, Jakarta, Indonesia",[],Purchasing Officer,"{""code"": ""43-3061.00"", ""family"": ""Office and Administrative Support"", ""occupation_name"": ""Procurement Clerks""}",2026-07-14T21:45:57Z,"{""name"": null, ""title"": null, ""contact"": null}",,"{""salary_low"": null, ""salary_high"": null, ""salary_currency"": null, ""salary_low_usd"": null, ""salary_high_usd"": null, ""salary_time_unit"": null}",junior,closed,"[""Microsoft"", ""Microsoft PowerPoint"", ""Oracle"", ""SAP"", ""Microsoft Office"", ""Microsoft Excel"", ""Microsoft Word""]",Campus Hiring SBY - Purchasing Officer - PMP,Purchasing Officer,https://www.linkedin.com/jobs/view/4440592956/
astra.co.id,"[""education"", ""management""]",astra.co.id,[]," **Deskripsi Pekerjaan**  
  

- Mengkoordinasikan tugas dan pekerjaan kepada mekanik 
- Monitoring pekerjaan perbaikan, overhaul dan fabrikasi
- Bertanggung jawab pada evaluasi karyawan & tingkat kualifikasi tenaga kerja
- Mengawasi proses kerja agar tetap sesuai SOP
- Membuat perencanaan dan melakukan aktivitas pelatihan dan sertifikasi untuk mekanik  
  
**Persyaratan**  
  

- Sarjana teknik mesin/alat berat/elekro 
- Bersedia ditempatkan di seluruh Indonesia
- Menunjukan keterampilan komunikasi, analisa, dan pemecahan masalah yang kuat
- Memiliki pengetahuan tentang pemeliharaan preventif, operasi mekanis, dan perbaikan alat berat
- Memiliki kemampuan kepemimpinan yang kuat dan kerja sama tim
",2026-07-19T10:06:54Z,cbf0cb66-ed94-4073-9548-151f9a1f837e,id,2026-07-25T22:00:00Z,2026-07-25T22:00:00Z,"Jakarta, Jakarta, Indonesia",[],Management Trainee Supervisor,"{""code"": ""45-1011.00"", ""family"": ""Farming, Fishing, and Forestry"", ""occupation_name"": ""First-Line Supervisors of Farming, Fishing, and Forestry Workers""}",2026-07-14T11:56:52Z,"{""name"": null, ""title"": null, ""contact"": null}",,"{""salary_low"": null, ""salary_high"": null, ""salary_currency"": null, ""salary_low_usd"": null, ""salary_high_usd"": null, ""salary_time_unit"": null}",manager,closed,[],Campus Hiring SBY - MT Supervisor - TRIATRA,Management Trainee Supervisor,https://www.linkedin.com/jobs/view/4440077845/
astra.co.id,"[""finance""]",astra.co.id,"[""internship""]"," **Deskripsi Pekerjaan**  
  

- Memproses PPh (PPh 21, 23, Pasal 4 ayat 2, dan PPh 25), termasuk kontrol dokumen dan rekonsiliasi data pajak dengan sistem (SAP).
- Mengelola PPN Masukan dan Keluaran (VAT In & Out) mulai dari validasi faktur pajak, input data, hingga rekonsiliasi dan monitoring pembayaran.
- Memonitor transaksi perpajakan di seluruh site, memastikan kepatuhan pajak, serta mengelola dan memperbarui database vendor (NPWP, PKP, SKB).
- Menyusun laporan pajak (PPh & PPN), melakukan pelaporan melalui e-SPT, serta menyiapkan data untuk kebutuhan audit internal dan eksternal.
- Mengelola dokumen perpajakan (filling, bukti potong), memastikan kelengkapan dan kerapihan dokumen, serta melakukan update data pajak (kurs pajak di sistem).
- Mendukung proses pemeriksaan pajak dan komunikasi dengan pihak terkait, serta berkontribusi dalam peningkatan  
  
**Persyaratan**  
  

- Minimal S1 Akuntansi dengan pemahaman perpajakan Indonesia (PPh & PPN).
- Fresh graduate hingga 1 tahun pengalaman di bidang Accounting/Tax (pengalaman internship menjadi nilai tambah).
- Memahami proses pengolahan, rekonsiliasi, dan pelaporan pajak (termasuk e-SPT), Brevet A & B menjadi nilai tambah.
- Mampu menggunakan Microsoft Excel untuk pengolahan data, familiar dengan sistem ERP seperti SAP menjadi nilai tambah.
- Teliti, detail terhadap angka, serta memiliki kemampuan analisis dan problem solving yang baik.
- Memiliki integritas tinggi, mampu bekerja dengan deadline, komunikatif, adaptif terhadap perubahan, serta memiliki inisiatif untuk improvement.
",2026-07-19T10:06:54Z,bb17e738-73cb-467e-8b5f-f51b241620a7,id,2026-07-24T04:00:00Z,2026-07-24T04:00:00Z,"Jakarta, Jakarta, Indonesia",[],TAX Associate,"{""code"": ""13-2081.00"", ""family"": ""Business and Financial Operations"", ""occupation_name"": ""Tax Examiners and Collectors, and Revenue Agents""}",2026-07-14T10:36:25Z,"{""name"": null, ""title"": null, ""contact"": null}",,"{""salary_low"": null, ""salary_high"": null, ""salary_currency"": null, ""salary_low_usd"": null, ""salary_high_usd"": null, ""salary_time_unit"": null}",junior,closed,"[""Microsoft"", ""Internship"", ""Microsoft Excel"", ""SAP""]",Campus Hiring SBY - Tax Associate - TRIATRA,Tax Associate,https://www.linkedin.com/jobs/view/4440086505/
astra.co.id,"[""manual_work""]",astra.co.id,[]," **Deskripsi Pekerjaan**  
  

- Melaksanakan pekerjaan instalasi, perawatan (preventive maintenance), dan perbaikan (corrective maintenance) terhadap mesin, peralatan, serta fasilitas perusahaan.
- Melakukan inspeksi rutin untuk memastikan seluruh mesin dan peralatan beroperasi dengan aman dan optimal.
- Mengidentifikasi penyebab kerusakan serta melakukan troubleshooting untuk meminimalkan downtime.
- Melakukan perbaikan mekanikal, elektrikal, hidrolik, atau sistem pendukung lainnya sesuai bidang keahlian.
- Memastikan seluruh pekerjaan dilakukan sesuai dengan standar operasional, spesifikasi teknis, dan prosedur Keselamatan dan Kesehatan Kerja (K3).  
  
**Persyaratan**  
  

- Pendidikan minimal D3 Teknik Mesin, Teknik Elektro, Teknik Mekatronika, Teknik Industri, Teknik Perkapalan, atau jurusan teknik terkait.
- Memiliki pengalaman minimal 1-2 tahun sebagai Technician, Maintenance Technician, atau posisi sejenis (lulusan baru dipersilakan melamar apabila memiliki pengalaman praktik atau magang yang relevan).
- Memahami sistem mekanikal, elektrikal, hidrolik, pneumatik, atau utilitas industri sesuai bidang keahlian.
- Mampu membaca gambar teknik, wiring diagram, atau manual mesin menjadi nilai tambah.
- Memiliki kemampuan troubleshooting dan analisis kerusakan mesin/peralatan.
",2026-07-18T10:00:00Z,c4d8c5e1-3230-40c9-a6ca-294913669b45,id,2026-07-24T16:00:00Z,2026-07-24T16:00:00Z,"Jakarta, Jakarta, Indonesia",[],Technician,"{""code"": ""27-4012.00"", ""family"": ""Arts, Design, Entertainment, Sports, and Media"", ""occupation_name"": ""Broadcast Technicians""}",2026-07-17T02:13:10Z,"{""name"": null, ""title"": null, ""contact"": null}",,"{""salary_low"": null, ""salary_high"": null, ""salary_currency"": null, ""salary_low_usd"": null, ""salary_high_usd"": null, ""salary_time_unit"": null}",junior,closed,[],Campus Hiring SBY - Technician - PMP,Technician,https://www.linkedin.com/jobs/view/4440800694/
astra.co.id,"[""healthcare_services""]",astra.co.id,"[""full_time""]","### Speech Therapy - HRT

PT Jakarta Pakar Kardia (Heartology Cardiovascular Hospital)

Health and Medical

Profesional

Batas Lamar: 30 Januari 2027

### Deskripsi Pekerjaan

1. Melakukan asesmen, evaluasi, dan terapi pada pasien dengan gangguan komunikasi, bicara, bahasa, suara, dan menelan
2. Menyusun serta melaksanakan program terapi sesuai kondisi dan kebutuhan pasien.
3. Memberikan edukasi kepada pasien dan keluarga terkait program terapi.
4. Berkolaborasi dengan dokter dan tenaga kesehatan lain dalam perencanaan dan evaluasi terapi.
5. Mendokumentasikan hasil asesmen, terapi, dan perkembangan pasien pada rekam medis.
6. Menerapkan standar mutu, patient safety, PPI, dan kebijakan rumah sakit.

### Persyaratan

* Pendidikan minimal D4/S1 Terapi Wicara
* Memiliki STR Terapi Wicara yang masih berlaku
* Memiliki pengalaman di rumah sakit menjadi nilai tambah
* Memahami asesmen dan terapi gangguan komunikasi, bahasa, suara, serta dysphagia
* Memiliki kemampuan komunikasi, kolaborasi multidisiplin, dan edukasi pasien yang baik
* Mampu mengoperasikan komputer dan melakukan dokumentasi elektronik.
* Bersedia bekerja sesuai jadwal operasional rumah sakit.",2026-07-16T23:09:18Z,9f1fa3de-36cb-46eb-97e7-23f1d032c296,id,2026-08-06T20:22:13Z,2026-08-04T19:52:33Z,"Lamar, Colorado, United States, Northern America, Americas","[{""city"": ""Lamar"", ""state"": ""Colorado"", ""zip_code"": null, ""country"": ""United States"", ""region"": ""Northern America"", ""continent"": ""Americas"", ""fuzzy_match"": false}]",Speech Therapist,"{""code"": ""29-1127.00"", ""family"": ""Healthcare Practitioners and Technical"", ""occupation_name"": ""Speech-Language Pathologists""}",,"{""name"": null, ""title"": null, ""contact"": null}",,"{""salary_low"": null, ""salary_high"": null, ""salary_currency"": null, ""salary_low_usd"": null, ""salary_high_usd"": null, ""salary_time_unit"": null}",mid_senior,closed,[],Speech Therapy - HRT,Speech Therapist,https://career.astra.co.id/lowongan/lowongan-detail-page/14586/Speech%20Therapy%20-%20HRT
astra.co.id,"[""marketing""]",astra.co.id,"[""full_time""]","### Marketing Officer - SIGAP

Sigap Prima Astrea

Marketing

Profesional

Batas Lamar: 30 Januari 2027

### Deskripsi Pekerjaan

1. Membuat desain & video konten untuk media sosial official perusahaan, termasuk penyusunan strategi, content plan, hingga monitoring konten
2. Melaksanakan kegiatan campaign & event
3. Melakukan liputan pada semua aktivitas internal maupun eksternal perusahaan
4. Melakukan evaluasi & reporting terhadap efektivitas campaign, event, dan aktivitas promosi
5. Membuat dan mengevaluasi marketing kit yang akan digunakan oleh commercial team

### Persyaratan

1. Pendidikan S1 Marketing Communication, Ilmu Komunikasi, Digital Marketing, atau Desain Komunikasi Visual
2. Pengalaman minimal 1 tahun sebagai digital marketing
3. Memahami konsep digital marketing, content marketing, dan sosial media management
4. Mampu membuat content plan dan content calendar
5. Mampu memahami algoritma sosial media
6. Menguasai aplikasi desain grafis & editing video seperti Adobe Photoshop, Adobe Illustrator, Adobe Premiere Pro, Filmora, dan sejenisnya
7. Memahami dasar copywriting, storytelling, dan branding
8. Kreatif, inovatif, dan memiliki inisiatif yang tinggi
9. Memiliki kemampuan komunikasi dan koordinasi yang baik dengan lintas divisi maupun eksternal
10. Memiliki kemampuan fotografi dan videografi menjadi nilai tambah

### Tentang Perusahaan

#### Sigap Prima Astrea

Inspired by the need of security guard service in Astra Corporate Group who whishes standardization for security personnel, especially in terms of management and personnel legality. In 2002 cooperative employee established PT SIGAP PRIMA ASTREA, The beginning PT SIGAP PRIMA ASTREA concentrated on fu...

#### Alamat Kantor

Jl Gaya Motor II No 1 Sunter II Tanjung Priok Jakarta Utara 14330

#### Industri

Yayasan

#### Website

-

Lihat Detail Perusahaan",2026-07-16T23:09:18Z,521796dc-9acd-4a9b-9437-d05540e28778,id,2026-08-12T22:21:02Z,2026-08-10T21:43:50Z,"Jakarta, Indonesia, South-eastern Asia, Asia","[{""city"": ""Jakarta"", ""state"": null, ""zip_code"": null, ""country"": ""Indonesia"", ""region"": ""South-eastern Asia"", ""continent"": ""Asia"", ""fuzzy_match"": false}]",Marketing Officer,"{""code"": ""11-2021.00"", ""family"": ""Management"", ""occupation_name"": ""Marketing Managers""}",,"{""name"": null, ""title"": null, ""contact"": null}",,"{""salary_low"": null, ""salary_high"": null, ""salary_currency"": null, ""salary_low_usd"": null, ""salary_high_usd"": null, ""salary_time_unit"": null}",mid_senior,closed,[],Marketing Officer - SIGAP,Marketing Officer,https://career.astra.co.id/lowongan/lowongan-detail-page/14598/Marketing%20Officer%20-%20SIGAP
astra.co.id,"[""legal""]",astra.co.id,"[""full_time""]","### Legal - HRT

PT Jakarta Pakar Kardia (Heartology Cardiovascular Hospital)

Legal

Profesional

Batas Lamar: 30 Januari 2027

### Deskripsi Pekerjaan

* Menyusun, meninjau, dan mengelola perjanjian kerja sama dengan pihak internal maupun eksternal.
* Memberikan pendapat hukum dan dukungan legal kepada manajemen serta unit kerja.
* Memastikan kepatuhan rumah sakit terhadap peraturan perundang-undangan yang berlaku.
* Mengelola dokumen hukum, perizinan, dan memastikan masa berlaku izin selalu terpantau.
* Melakukan mitigasi risiko hukum serta mendukung penyelesaian permasalahan hukum perusahaan.
* Memantau perubahan regulasi dan memberikan rekomendasi implementasi kepada manajemen.

### Persyaratan

* Memiliki pendidikan minimal S1 Hukum
* Pengalaman min. 3 tahun sebagai Legal Staff
* Memahami Hukum Dasar di Indonesia
* Mampu melakukan legal drafting
* Memiliki manajemen dokumen yang baik
* Mampu mengoperasikan Microsoft Office
* Detail
* Memiliki kemampuan negosiasi dan komunikasi yang baik.
",2026-07-16T23:09:18Z,d9828ce8-44fd-4de4-8213-d348b584e753,id,2026-08-30T01:10:48Z,2026-08-28T01:06:34Z,"Lamar, Colorado, United States, Northern America, Americas","[{""city"": ""Lamar"", ""state"": ""Colorado"", ""zip_code"": null, ""country"": ""United States"", ""region"": ""Northern America"", ""continent"": ""Americas"", ""fuzzy_match"": false}]",Legal,"{""code"": ""23-2011.00"", ""family"": ""Legal"", ""occupation_name"": ""Paralegals and Legal Assistants""}",,"{""name"": null, ""title"": null, ""contact"": null}",,"{""salary_low"": null, ""salary_high"": null, ""salary_currency"": null, ""salary_low_usd"": null, ""salary_high_usd"": null, ""salary_time_unit"": null}",mid_senior,,[],Legal - HRT,Legal HR Specialist,https://career.astra.co.id/lowongan/lowongan-detail-page/14597/Legal%20-%20HRT
astra.co.id,"[""education""]",astra.co.id,[]," **Deskripsi Pekerjaan**  
  

- Merancang dan menyampaikan program pelatihan teknis maritim yang interaktif dan berbasis standar kompetensi.
- Memfasilitasi pembelajaran melalui metode kelas, simulasi, dan praktik langsung di workshop. 
- Mengimplementasikan kurikulum pelatihan yang terstruktur dan selaras dengan kebutuhan operasional. 
- Meninjau, memperbarui, dan menyempurnakan modul pelatihan secara berkelanjutan. 
- Mengembangkan materi pembelajaran yang relevan dengan perkembangan teknologi maritim. 
- Memantau perkembangan peserta selama proses pembelajaran di kelas maupun On the Job Training (OJT). 
- Mengevaluasi performa teknis dan kompetensi perilaku secara sistematis. 
- Melaksanakan asesmen kompetensi untuk mengukur tingkat keterampilan dan pemahaman peserta. 
- Mengidentifikasi kesenjangan kompetensi dan menyusun rencana perbaikan terarah. 
- Memvalidasi kesiapan peserta sebelum ditempatkan dalam operasional. 
- Menegakkan standar keselamatan dan regulasi industri maritim dalam seluruh aktivitas pelatihan. 
- Menanamkan budaya keselamatan sebagai bagian integral dari proses pembelajaran.   
  
**Persyaratan**  
  

- Pendidikan:
- Diploma di bidang Arsitektur Kapal, Teknik Kelautan, Teknik Mesin, atau bidang maritim terkait.
- Sertifikasi dalam pelatihan atau teknik instruksional menjadi nilai tambah (misalnya Train the Trainer, Instructional Design).
- Pengalaman Kerja:
- Minimal 1-2 tahun pengalaman di industri maritim (shipbuilding, ship repair, atau operasi maritim).
- Pengalaman sebelumnya sebagai trainer, instruktur, atau mentor sangat diutamakan.
- Memiliki pengalaman langsung (hands-on) dengan peralatan maritim, mesin, dan proses operasional.
- Keterampilan Teknis:
- Memiliki pengetahuan teknis yang kuat dalam shipbuilding, ship repair, atau operasi maritim.
- Mahir merencanakan dan melaksanakan program pelatihan (kelas & OJT).
- Kompeten dalam menggunakan alat bantu pelatihan, simulator, dan peralatan workshop.
- Mampu melakukan asesmen kompetensi dan evaluasi performa secara terstruktur.
- Keterampilan Perilaku & Soft Skills:
- Memiliki kemampuan komunikasi dan interpersonal yang sangat baik.
- Berpikir analitis dan memiliki kemampuan pemecahan masalah yang baik.
- Memiliki mindset keselamatan yang kuat dan komitmen terhadap kepatuhan operasional.
- Mampu menyesuaikan metode pengajaran dengan berbagai gaya belajar dan tingkat kemampuan peserta.
",2026-07-16T16:00:00Z,975ca4e8-fe4a-4da8-ad5f-f2709f041325,id,2026-07-24T10:00:00Z,2026-07-24T10:00:00Z,"Jakarta, Jakarta, Indonesia",[],PDC Maritime Instructor,"{""code"": ""25-2031.00"", ""family"": ""Educational Instruction and Library"", ""occupation_name"": ""Secondary School Teachers, Except Special and Career/Technical Education""}",2026-07-15T06:48:50Z,"{""name"": null, ""title"": null, ""contact"": null}",,"{""salary_low"": null, ""salary_high"": null, ""salary_currency"": null, ""salary_low_usd"": null, ""salary_high_usd"": null, ""salary_time_unit"": null}",junior,closed,[],Campus Hiring SBY - PDC Maritime Instructor - PMP,PDC Maritime Instructor,https://www.linkedin.com/jobs/view/4440598826/
astra.co.id,"[""management"", ""operations""]",astra.co.id,[]," **Deskripsi Pekerjaan**  
  

- Mengawasi operasional harian serta pemeliharaan seluruh fasilitas perusahaan agar berjalan dengan aman, efektif, dan efisien.
- Menyusun, mengimplementasikan, dan memonitor program Preventive & Corrective Maintenance untuk gedung, utilitas, serta fasilitas pendukung.
- Memastikan seluruh fasilitas perusahaan memenuhi standar Keselamatan dan Kesehatan Kerja (K3), keamanan, dan peraturan yang berlaku.
- Mengelola vendor dan kontraktor yang berkaitan dengan pekerjaan maintenance, cleaning service, landscaping, pest control, serta layanan fasilitas lainnya.
- Mengawasi penggunaan anggaran operasional serta melakukan pengendalian biaya pemeliharaan fasilitas.  
  
**Persyaratan**  
  

- Pendidikan minimal S1 Teknik Sipil, Teknik Elektro, Teknik Mesin, Teknik Industri, atau jurusan terkait.
- Memiliki pengalaman di bidang Facility Management, Building Management, General Services, atau posisi sejenis.
- Memahami sistem utilitas gedung seperti HVAC, Electrical System, Plumbing, Fire Protection System, Genset, dan Building Maintenance.
- Memahami penerapan K3, manajemen risiko, serta regulasi terkait pengelolaan fasilitas.
- Berpengalaman dalam menyusun dan mengelola program Preventive Maintenance.
",2026-07-16T16:00:00Z,b774919e-eda7-4122-850d-a3a0a00f361f,id,2026-07-24T10:00:00Z,2026-07-24T10:00:00Z,"Jakarta, Jakarta, Indonesia",[],Facility Management Supervisor,"{""code"": ""37-1012.00"", ""family"": ""Building and Grounds Cleaning and Maintenance"", ""occupation_name"": ""First-Line Supervisors of Landscaping, Lawn Service, and Groundskeeping Workers""}",2026-07-15T10:42:20Z,"{""name"": null, ""title"": null, ""contact"": null}",,"{""salary_low"": null, ""salary_high"": null, ""salary_currency"": null, ""salary_low_usd"": null, ""salary_high_usd"": null, ""salary_time_unit"": null}",manager,closed,[],Campus Hiring SBY - Facility Management Supervisor - PMP,Facility Management Supervisor,https://www.linkedin.com/jobs/view/4440593975/
astra.co.id,"[""administration""]",astra.co.id,[]," **Deskripsi Pekerjaan**  
  

- Melakukan fungsi kontrol penagihan atas surat jalan yang masuk ke Head Office
- Mengawasi proses pelaksanaan pemberian uang jalan
- Monitoring pemberian uang jalan
- Melakukan rekap dokumen operasional
- Membuat laporan operasional harian, mingguan dan bulanan
- Membuat rencana anggaran bulanan berdasarkan rencana bulanan operasional  
  
**Persyaratan**  
  

- Pendidikan Minimal D3 (Diploma)
- Jurusan Logistik dan Transportasi diutamakan
- Diutamakan memiliki pengalaman sebagai planner 2 tahun dalam bidang logistik transportasi
- Memiliki kompetensi teknis dalam bidang Microsoft Excel & memiliki pemahaman dalam prosedur logistik
- Memiliki kompetensi non teknis berupa kemampuan monitoring dan reporting, negosiasi, komunikasi, problem solving, responsif dan memiliki kemampuan pengambilan keputusan, time management yang baik, dapat berkerja dalam tim, serta memiliki etika dan kejujuran
",2026-07-16T16:00:00Z,aaa9a31f-20c1-44a4-940b-525a04578cb9,id,2026-08-29T04:00:00Z,2026-08-29T04:00:00Z,"Jakarta, Jakarta, Indonesia",[],Operational Administrator,"{""code"": ""43-6014.00"", ""family"": ""Office and Administrative Support"", ""occupation_name"": ""Secretaries and Administrative Assistants, Except Legal, Medical, and Executive""}",2026-07-09T10:33:52Z,"{""name"": null, ""title"": null, ""contact"": null}",,"{""salary_low"": null, ""salary_high"": null, ""salary_currency"": null, ""salary_low_usd"": null, ""salary_high_usd"": null, ""salary_time_unit"": null}",mid_senior,,"[""Microsoft"", ""Microsoft Excel"", ""etika""]",Admin Operasional - MODA,Operational Administrator,https://www.linkedin.com/jobs/view/4437435733/
astra.co.id,"[""education"", ""manual_work""]",astra.co.id,[]," **Deskripsi Pekerjaan**  
  

- Menyusun dan melakukan standarisasi proses blasting & painting sesuai dengan standar kualitas dan prosedur perusahaan. 
- Membuat dan mengembangkan Work Instruction (WI) sebagai pedoman operasional bagi tim produksi. 
- Menghitung serta menganalisis kebutuhan manhours dan lead time pekerjaan blasting & painting. 
- Melakukan monitoring implementasi proses serta menyusun evaluasi dan review proses secara berkala untuk perbaikan berkelanjutan. 
- Mengembangkan dan meningkatkan alat bantu proses guna mendukung efektivitas dan efisiensi operasional. 
- Melakukan studi dan inisiatif improvement untuk mempercepat lead time pekerjaan blasting & painting.   
  
**Persyaratan**  
  

- Pendidikan minimal S1 Teknik Perkapalan, Teknik Industri, atau jurusan teknik relevan lainnya. 
- Memahami standar industri perkapalan serta rules dan regulasi yang berlaku. 
- Diutamakan memiliki pengalaman kerja minimal 1 tahun di bidang terkait. 
- Memahami proses blasting & painting di industri manufaktur/shipyard.
",2026-07-16T16:00:00Z,79e55c59-f3a2-4f64-9eb3-c2657fb8cecf,id,2026-07-24T10:00:00Z,2026-07-24T10:00:00Z,"Jakarta, Jakarta, Indonesia",[],Blasting and Painting Project Management Professional,"{""code"": ""51-9123.00"", ""family"": ""Production"", ""occupation_name"": ""Painting, Coating, and Decorating Workers""}",2026-07-15T10:43:26Z,"{""name"": null, ""title"": null, ""contact"": null}",,"{""salary_low"": null, ""salary_high"": null, ""salary_currency"": null, ""salary_low_usd"": null, ""salary_high_usd"": null, ""salary_time_unit"": null}",junior,closed,[],Campus Hiring SBY - PE Blasting Painting - PMP,Blasting and Painting Project Management Professional,https://www.linkedin.com/jobs/view/4440812346/
astra.co.id,"[""internship"", ""operations"", ""manual_work""]",astra.co.id,[]," **Deskripsi Pekerjaan**  
  

- Menyusun dan mengelola rencana produksi serta jadwal perbaikan kapal (ship repair schedule) berdasarkan work order, docking plan, dan target penyelesaian proyek.
- Berkoordinasi secara intensif dengan tim produksi, engineering, QC, dan procurement untuk memastikan material, spare part, serta sumber daya tersedia sesuai kebutuhanrepair.
- Menyusun daily progress report dan update schedule secara berkala untuk memastikan pekerjaan berjalan sesuai timeline yang ketat. 
- Mengidentifikasi potensi deviasi jadwal, bottleneck, serta perubahan scope pekerjaan repair,serta menyusun rencana mitigasi untuk menjaga ketepatan delivery kapal. 
- Mengendalikan produktivitas pekerjaan melalui monitoring manhour, machine utilization, dan efektivitas tenaga kerja selama proses ship repair berlangsung. 
- Mendukung pelaksanaan troubleshooting dan corrective action apabila terjadi kendala teknis maupun hambatan operasional di lapangan.
- Memastikan seluruh aktivitas repair berjalan sesuai dengan standar keselamatan kerja(HSE), regulasi galangan, serta persyaratan klasifikasi kapal. 
- Berkolaborasidengan Project Manager dan Owner Surveyor untuk memastikan hasil pekerjaanrepair memenuhi standar kualitas dan selesai tepat waktu. 
- Mendukungpenerapan continuous improvement dalam proses ship repair guna meningkatkan efisiensi turnaround time dan performa operasional galangan.  
  
**Persyaratan**  
  

- Pendidikan Minimal S1 dari jurusan:
- Teknik Industri atau bidang teknik lain yang relevan
- Sertifikasi tambahan terkait project planning atau supply chain menjadi nilai tambah.
- Pengalaman Kerja Minimal 1 tahun pengalaman di bidang:
- Production Planning & Control (PPIC)
- Project Planning / Scheduler
- Ship Repair Operations atau Shipyard Production.
- Keahlian memahami proses operasional ship repair, termasuk:
- Hull repair, piping, mechanical & electrical works
- Blasting & painting activities
- Outfitting selama docking period.
- Menguasai konsep perencanaan dan pengendalian produksi, meliputi:
- Work order management dan repair scheduling
- Progress monitoring dan milestone tracking
- Capacity planning dan resource allocation
- Mampu melakukan analisis produktivitas
- Monitoring manhour dan machine utilization
- Identifikasi bottleneck dan deviasi jadwal
- Penyusunan mitigation plan dan corrective action 
- Memahami standar galangan kapal terkait:
- HSE compliance dan shipyard safety regulations
- Persyaratan klasifikasi kapal (Class Rules)
- Strong analytical skills dalam forecasting, planning, dan reporting.
- Mampu menyusun daily progress report serta update schedule secara berkala.
- Kemampuan koordinasi lintas fungsi dengan tim produksi, engineering, QC, procurement,serta external stakeholder (Owner Surveyor).
",2026-07-16T16:00:00Z,61ebbada-3471-474c-8276-825ca53df080,id,2026-07-24T10:00:00Z,2026-07-24T10:00:00Z,"Jakarta, Jakarta, Indonesia",[],Production Control Staff,"{""code"": ""27-4012.00"", ""family"": ""Arts, Design, Entertainment, Sports, and Media"", ""occupation_name"": ""Broadcast Technicians""}",2026-07-15T17:05:52Z,"{""name"": null, ""title"": null, ""contact"": null}",,"{""salary_low"": null, ""salary_high"": null, ""salary_currency"": null, ""salary_low_usd"": null, ""salary_high_usd"": null, ""salary_time_unit"": null}",junior,closed,[],Campus Hiring SBY - Production Control Staff - PMP,Production Control Staff,https://www.linkedin.com/jobs/view/4440598878/
astra.co.id,"[""operations"", ""manual_work""]",astra.co.id,[]," **Deskripsi Pekerjaan**  
  

- Mengawasi dan mengkoordinasikan aktivitas operasional gudang (receiving, storing, picking,packing, dan dispatch). 
- Memastikan proses penerimaan barang sesuai dengan PO, delivery order, dan spesifikasi yang ditentukan. 
- Mengontrol penyimpanan barang sesuai sistem FIFO/FEFO serta standar keamanan dan kerapihan gudang. 
- Melakukan monitoring stok dan memastikan akurasi data inventory (stock opname berkala).
- Mengelola proses pengeluaran barang sesuai permintaan user atau kebutuhan proyek. 
- Memastikan seluruh transaksi barang tercatat dengan benar dalam sistem (ERP/WMS). 
- Mengawasi kondisi dan kelayakan material untuk mencegah kerusakan, kehilangan, atau penyusutan. 
- Mengelola dan mengawasi tim warehouse staff/operator forklift.  
  
**Persyaratan**  
  

- Pendidikan:
- Minimal D3 Manajemen Logistik, Teknik Industri, Manajemen, atau jurusan relevan. 
- Pengalaman:
- Minimal 1-2 tahun pengalaman di bidang Warehouse / Inventory / Logistik
- Memiliki pengalaman sebagai Koordinator/Supervisor menjadi nilai tambah
- Diutamakan memiliki pengalaman di industri manufaktur, shipyard, konstruksi,atau distribusi3. 
- Kompetensi Teknis:
- Memahami alur warehouse operation (receiving, storage, issuing, dispatch)
- Memahami sistem inventory management (FIFO, FEFO, safety stock, reorderpoint)
- Mampu melakukan stock opname dan analisa selisih stok
- Terbiasa menggunakan ERP/Warehouse Management System (WMS)
- Menguasai Microsoft Office (terutama Excel untuk pengolahan data)
- Memahami prosedur K3 di area gudang
",2026-07-16T16:00:00Z,3fc25323-709c-446f-9cb0-8b6efe47f3f2,id,2026-07-24T10:00:00Z,2026-07-24T10:00:00Z,"Jakarta, Jakarta, Indonesia",[],Warehouse Operation Officer,"{""code"": ""53-1043.00"", ""family"": ""Transportation and Material Moving"", ""occupation_name"": ""First-Line Supervisors of Material-Moving Machine and Vehicle Operators""}",2026-07-15T10:43:25Z,"{""name"": null, ""title"": null, ""contact"": null}",,"{""salary_low"": null, ""salary_high"": null, ""salary_currency"": null, ""salary_low_usd"": null, ""salary_high_usd"": null, ""salary_time_unit"": null}",junior,closed,"[""Microsoft"", ""Microsoft Office"", ""Microsoft Excel""]",Campus Hiring SBY - Warehouse Operation Officer - PMP,Warehouse Operation Officer,https://www.linkedin.com/jobs/view/4440810396/
astra.co.id,"[""military_and_protective_services""]",astra.co.id,[]," **Deskripsi Pekerjaan**  
  

- Mengelola dan mengoordinasikan program pengembangan kompetensi karyawan melalui Patria Development Center sebagai bagian dari strategi peningkatan kapabilitas organisasi. 
- Menyusun, mengimplementasikan, serta memonitor learning roadmap dan training plan sesuai kebutuhan bisnis dan arah strategis perusahaan. 
- Mengidentifikasi kebutuhan pelatihan (Training Needs Analysis/TNA) berdasarkan gap kompetensi, hasil performance review, serta masukan dari line management. 
- Mengembangkan dan mengelola berbagai program pembelajaran, seperti:
- Technical Training
- Leadership Development Program
- Culture & Values Internalization
- Onboarding & Induction Program 
- Mengelola proses end to end pelaksanaan training, termasuk koordinasi peserta, trainer, vendor, jadwal, fasilitas, serta evaluasi efektivitas pelatihan. 
- Melakukan evaluasi dan continuous improvement terhadap program Patria Development Center untuk meningkatkan kualitas learning experience   
  
**Persyaratan**  
  
Pendidikan Minimal D3 Di Bidang  
  

- Teknik Perkapalan / Naval Architecture 
- Teknik Kelautan / Marine Engineering 
- Teknik Mesin / Elektro (dengan exposure industri maritim) 
- Manajemen SDM / Psikologi (dengan pengalaman L&D di industri maritim)
- Pendidikan lanjutan atau sertifikasi di bidang Learning & Development menjadi nilai tambah.  
  
**Minimal 1 Tahun Pengalaman Di Bidang**  
  

- Training & Development / Corporate University 
- Human Capital Development khusus industri Shipbuilding atau Ship Repair Operations (exposure teknikal)
",2026-07-16T16:00:00Z,658c5ec8-79dc-4549-aadb-88398a40866c,id,2026-07-27T10:13:25Z,2026-07-27T10:13:25Z,"Jakarta, Jakarta, Indonesia",[],Maritime Officer,"{""code"": ""53-5021.00"", ""family"": ""Transportation and Material Moving"", ""occupation_name"": ""Captains, Mates, and Pilots of Water Vessels""}",2026-07-15T10:42:27Z,"{""name"": null, ""title"": null, ""contact"": null}",,"{""salary_low"": null, ""salary_high"": null, ""salary_currency"": null, ""salary_low_usd"": null, ""salary_high_usd"": null, ""salary_time_unit"": null}",junior,closed,[],Campus Hiring SBY - PDC Maritime Officer - PMP,Maritime Officer,https://www.linkedin.com/jobs/view/4440592960/
astra.co.id,"[""administration"", ""operations""]",astra.co.id,[]," **Deskripsi Pekerjaan**  
  

- Mengelola dan memonitor data pembelian, stok, serta distribusi barang
- Menyusun dan memproses Purchase Order (PO) secara akurat dan tepat waktu
- Berkoordinasi dengan vendor/supplier terkait proses pengadaan barang
- Memantau ketersediaan stok serta melakukan pembaruan data inventory secara berkala
- Menginput, mengelola, dan memastikan keakuratan data dalam sistem ERP  
  
**Persyaratan**  
  

- Pendidikan D3, diutamakan dari jurusan Manajemen, Logistik, atau bidang terkait
- Memiliki pengalaman di bidang administrasi atau supply chain
- Menguasai Microsoft Excel (Pivot Table, VLOOKUP, dan fungsi terkait lainnya)
- Familiar dengan sistem ERP (seperti SAP, Oracle, atau sejenisnya) menjadi nilai tambah
",2026-07-16T16:00:00Z,37dcc21b-f770-4915-a47e-3f78076b31b2,id,2026-08-16T04:00:00Z,2026-08-16T04:00:00Z,"Jakarta, Jakarta, Indonesia",[],Supply Chain Administrator - GSI,"{""code"": ""13-1081.00"", ""family"": ""Business and Financial Operations"", ""occupation_name"": ""Logisticians""}",2026-07-15T00:45:27Z,"{""name"": null, ""title"": null, ""contact"": null}",,"{""salary_low"": null, ""salary_high"": null, ""salary_currency"": null, ""salary_low_usd"": null, ""salary_high_usd"": null, ""salary_time_unit"": null}",mid_senior,closed,"[""Microsoft"", ""Oracle"", ""Microsoft Excel"", ""SAP""]",Admin Supply Chain - GSI,Supply Chain Administrator - GSI,https://www.linkedin.com/jobs/view/4440595921/
astra.co.id,"[""education"", ""manual_work""]",astra.co.id,[]," **Deskripsi Pekerjaan**  
  

- Melaksanakan Inspeksi proses Blasting & Painting
- Membuat standard inspeksi blasting & painting
- Mengkordinasikan proses inspeksi dengan maker & owner
- Check kesesuaian drawing & spec dengan proses produksi
- Membuat review quality proses blasting & painting 
- Membuat all reporting proses blasting & painting  
  
**Persyaratan**  
  

- Diploma (D3) Teknik Perkapalan / Sistem Perkapalan
- Memahami standar industri pembuatan kapal serta aturan dan regulasi pengecatan
- Familiar dengan proses pembangunan kapal dari awal hingga penyerahan
",2026-07-16T16:00:00Z,b11e20e8-e52a-4045-ae78-ed60943a0c26,id,2026-07-24T10:00:00Z,2026-07-24T10:00:00Z,"Jakarta, Jakarta, Indonesia",[],QC Blasting & Painting PMP,"{""code"": ""47-2141.00"", ""family"": ""Construction and Extraction"", ""occupation_name"": ""Painters, Construction and Maintenance""}",2026-07-14T17:15:13Z,"{""name"": null, ""title"": null, ""contact"": null}",,"{""salary_low"": null, ""salary_high"": null, ""salary_currency"": null, ""salary_low_usd"": null, ""salary_high_usd"": null, ""salary_time_unit"": null}",junior,closed,[],Campus Hiring SBY - QC Blasting & Painting - PMP,QC Blasting & Painting PMP,https://www.linkedin.com/jobs/view/4440597849/
astra.co.id,[],astra.co.id,[]," **Deskripsi Pekerjaan**  
  

- Melakukan aktivitas penjualan produk unit Patria (heavy equipment attachments)
- Membangun dan menjaga hubungan baik dengan customer melalui aktivitas pra-penjualan, penjualan, dan purna-penjualan.
- Menganalisis kebutuhan pelanggan, menyusun penawaran, bernegosiasi, dan mengkoordinasikan pengiriman produk.
- Memberikan dukungan teknis dan menanggapi umpan balik pelanggan untuk memastikan kepuasan.
- Mengembangkan database pelanggan dan mengidentifikasi peluang bisnis baru.  
  
**Persyaratan**  
  

- Gelar Sarjana Semua Teknik 
- Fresh Graduate dipersilakan, memiliki pengalaman dalam penjualan akan menjadi nilai tambah
- Keterampilan komunikasi dan presentasi yang sangat baik
- Memiliki motivasi tinggi, berorientasi pada target, dan cepat belajar
- Mandiri, banyak akal dan memiliki ketajaman bisnis yang baik
- Bersedia ditempatkan di seluruh Indonesia
",2026-07-16T16:00:00Z,a16ef95f-d1e1-4e4f-90a8-5b2a0cd90eae,id,2026-07-24T10:00:00Z,2026-07-24T10:00:00Z,"Jakarta, Jakarta, Indonesia",[],Business Consultant,"{""code"": ""25-1011.00"", ""family"": ""Educational Instruction and Library"", ""occupation_name"": ""Business Teachers, Postsecondary""}",2026-07-15T06:55:27Z,"{""name"": null, ""title"": null, ""contact"": null}",,"{""salary_low"": null, ""salary_high"": null, ""salary_currency"": null, ""salary_low_usd"": null, ""salary_high_usd"": null, ""salary_time_unit"": null}",junior,closed,[],Campus Hiring SBY - Business Consultant - TRIATRA,Business Consultant,https://www.linkedin.com/jobs/view/4440083663/
astra.co.id,"[""operations"", ""purchasing""]",astra.co.id,[]," **Deskripsi Pekerjaan**  
  

- Melakukan sourcing Vendor dan Subkontraktorbaru. 
- Melakukan pemetaan kapasitas yang dimilikiVendor dan Subkontraktor berdasarkan QCDSM.
- Melakukan review perbandingan kapasitas &harga dari Vendor dan Subkontraktor yang akan ditunjuk sebagai supplier barangatau jasa dengan mempertimbangkan aspek QCDSM
- Melakukan monitoring terhadap tren hargamaterial dan komponen.
- Melakukan review terhadap kontrak pembelianatau kontrak kerja sama dengan Vendor dan Subkontraktor  
  
**Persyaratan**  
  

- Pendidikan minimal D3 Teknik Perkapalan atau bidang teknik terkait.
- Lulusan baru dipersilakan melamar atau memiliki pengalaman 1 tahun di bidang terkait
- Mampu mengoperasikan Microsoft Office (terutama Excel).
- Memiliki keterampilan SAP menjadi nilai tambah 
- Mampu berbahasa Inggris dengan baik, lisan maupun tulisan. 
- Memiliki kemampuan berpikir analitis dan strategis yang baik.
",2026-07-15T10:00:00Z,37b9f6d9-3e48-4df1-84dd-292c5ff21a95,id,2026-07-24T16:00:00Z,2026-07-24T16:00:00Z,"Jakarta, Jakarta, Indonesia",[],Strategic Sourcing Officer,"{""code"": ""13-1023.00"", ""family"": ""Business and Financial Operations"", ""occupation_name"": ""Purchasing Agents, Except Wholesale, Retail, and Farm Products""}",2026-07-14T16:37:18Z,"{""name"": null, ""title"": null, ""contact"": null}",,"{""salary_low"": null, ""salary_high"": null, ""salary_currency"": null, ""salary_low_usd"": null, ""salary_high_usd"": null, ""salary_time_unit"": null}",junior,closed,"[""Microsoft"", ""SAP"", ""Microsoft Office"", ""Microsoft Excel""]",Campus Hiring SBY - Strategic Sourcing Officer - PMP,Strategic Sourcing Officer,https://www.linkedin.com/jobs/view/4440593921/
astra.co.id,"[""administration""]",astra.co.id,"[""full_time""]","### Campus Hiring SBY - GA Staff - PMP

General Affair

Semua

Batas Lamar : 30 September 2026

Lowongan / Detail pekerjaan

### Campus Hiring SBY - GA Staff - PMP

PT Patria Maritim Perkasa

General Affair

Semua

Batas Lamar: 30 September 2026

### Deskripsi Pekerjaan

1. Mengelola operasional General Affairs untuk mendukung kelancaran aktivitas perusahaan.

2. Mengelola dan memastikan ketersediaan fasilitas kantor, perlengkapan kerja, serta aset perusahaan.

3. Mengoordinasikan pemeliharaan gedung, utilitas, kendaraan operasional, dan fasilitas perusahaan agar selalu dalam kondisi baik.

4. Mengelola administrasi pengadaan barang dan jasa yang berkaitan dengan kebutuhan General Affairs.

5. Berkoordinasi dengan vendor dan pihak ketiga terkait layanan kebersihan, keamanan, transportasi, katering, pengelolaan limbah, dan pemeliharaan fasilitas.

### Persyaratan

1. Pendidikan minimal S1 Administrasi Bisnis, Manajemen, Manajemen Perkantoran, Teknik Industri, atau jurusan terkait.

2. Memiliki pengalaman minimal 1-2 tahun di bidang General Affairs, Office Administration, Facility Management, atau posisi sejenis (lulusan baru dipersilakan melamar apabila memiliki pengalaman magang yang relevan).

3. Memahami administrasi perkantoran, pengelolaan aset, pengadaan barang dan jasa, serta pengelolaan fasilitas.

4. Memiliki pengalaman dalam berkoordinasi dengan vendor dan penyedia jasa menjadi nilai tambah.

5. Mampu mengelola beberapa pekerjaan secara bersamaan serta memiliki kemampuan administrasi yang baik.
",2026-07-14T22:16:52Z,34d5e034-01a3-4cd0-adcd-dcc2ae63d70a,id,2026-07-24T01:19:57Z,2026-07-21T00:36:59Z,"Surabaya, Indonesia, South-eastern Asia, Asia","[{""city"": ""Surabaya"", ""state"": null, ""zip_code"": null, ""country"": ""Indonesia"", ""region"": ""South-eastern Asia"", ""continent"": ""Asia"", ""fuzzy_match"": false}]",General Affairs Staff,"{""code"": ""25-9044.00"", ""family"": ""Educational Instruction and Library"", ""occupation_name"": ""Teaching Assistants, Postsecondary""}",,"{""name"": null, ""title"": null, ""contact"": null}",,"{""salary_low"": null, ""salary_high"": null, ""salary_currency"": null, ""salary_low_usd"": null, ""salary_high_usd"": null, ""salary_time_unit"": null}",junior,closed,[],Campus Hiring SBY - GA Staff - PMP,General Affairs Staff,https://career.astra.co.id/lowongan/lowongan-detail-page/14566/Campus%20Hiring%20SBY%20-%20GA%20Staff%20-%20PMP
astra.co.id,"[""human_resources""]",astra.co.id,"[""full_time""]","### Campus Hiring SBY - HC Operation Staff - PMP

PT Patria Maritim Perkasa

Human Capital

Semua

Batas Lamar: 30 September 2026

### Deskripsi Pekerjaan

1. Mengelola dan menjalankan aktivitas operasional Human Capital sehari-hari untuk memastikan seluruh proses HC berjalan efektif dan sesuai dengan kebijakan perusahaan.
2. Melaksanakan administrasi karyawan, termasuk pengelolaan data karyawan, arsip personalia, serta dokumentasi HC lainnya.
3. Mendukung proses administrasi rekrutmen end-to-end, onboarding, serta program orientasi karyawan baru agar berjalan lancar.
4. Mendukung proses administrasi payroll bulanan, termasuk pengolahan data absensi, lembur, serta koordinasi dengan tim finance/payroll.
5. Mengelola administrasi benefit dan kesejahteraan karyawan, seperti BPJS, asuransi kesehatan, cuti, serta fasilitas karyawan lainnya.
6. Melakukan monitoring kehadiran, kedisiplinan, serta kepatuhan karyawan terhadap peraturan perusahaan.
7. Mendukung perencanaan dan pelaksanaan program pelatihan dan pengembangan karyawan, termasuk penyusunan jadwal training, koordinasi peserta, serta dokumentasi kegiatan.
8. Membantu identifikasi kebutuhan kompetensi dan pengembangan karyawan melalui koordinasi dengan atasan langsung dan program HC Development.
9. Memelihara dan memperbarui data serta catatan pelatihan, progres pembelajaran, dan laporan pengembangan sebagai bagian dari strategi peningkatan kapabilitas perusahaan.
10. Berkontribusi dalam program employee engagement dan pembangunan budaya perusahaan melalui kegiatan internal, komunikasi, serta program continuous improvement.
11. Memastikan seluruh proses HC berjalan sesuai dengan regulasi ketenagakerjaan serta mendukung audit HC melalui penyediaan data dan dokumentasi yang akurat.
12. Memberikan dukungan operasional untuk inisiatif perbaikan berkelanjutan guna meningkatkan kualitas layanan HC, efisiensi proses, dan employee experience.

### Persyaratan

1. **Pendidikan Minimal S1 dari jurusan:**  
   a. Manajemen SDM / Human Resource Management   
   b. Psikologi   
   c. Administrasi Bisnis   
   d. Teknik Industri (dengan exposure HC process) atau bidang lain yang relevan
2. **Pengalaman Kerja Minimal 1 tahun pengalaman di bidang:**  
   a. Human Capital Operations / HC Services   
   b. Personnel Administration   
   c. Payroll & Benefit Administration   
   d. Training Administration / Employee Development Support
3. **Pengalaman bekerja di industri manufaktur, industri berat, atau perusahaan dengan jumlah karyawan besar menjadi keunggulan.**
4. **Skill: Memahami proses operasional HC secara menyeluruh, termasuk:**  
   a. Administrasi karyawan dan pengelolaan database HC  
   b. Rekrutmen administrasi, onboarding, dan orientasi karyawan   
   c. Payroll support (absensi & lembur)
5. **Menguasai administrasi benefit dan kesejahteraan karyawan, seperti:**  
   a. BPJS Kesehatan & Ketenagakerjaan   
   b. Asuransi kesehatan   
   c. Pengelolaan cuti dan fasilitas karyawan
6. **Memahami dasar-dasar Learning & Development, meliputi:**  
   a. Training schedule coordination   
   b. Training documentation & reporting   
   c. Competency development support
7. **Memahami regulasi ketenagakerjaan serta compliance HC untuk audit internal maupun eksternal.**
8. **Strong administrative skills dengan perhatian tinggi pada detail dan akurasi data.**
9. **Kemampuan komunikasi dan koordinasi yang baik dengan karyawan, manajemen, serta stakeholder internal.**
10. **Mampu mengelola beberapa aktivitas HC secara paralel dalam timeline yang ketat.**
11. **Terampil dalam menyusun laporan HC, training record, serta dokumentasi audit.**",2026-07-14T22:16:52Z,39cab34e-6bdd-4de4-b044-f1f5eafcff90,id,2026-07-27T02:00:13Z,2026-07-21T00:37:20Z,"Lamar, Colorado, United States, Northern America, Americas","[{""city"": ""Lamar"", ""state"": ""Colorado"", ""zip_code"": null, ""country"": ""United States"", ""region"": ""Northern America"", ""continent"": ""Americas"", ""fuzzy_match"": false}]",Human Capital Operations Staff,"{""code"": ""43-4081.00"", ""family"": ""Office and Administrative Support"", ""occupation_name"": ""Hotel, Motel, and Resort Desk Clerks""}",,"{""name"": null, ""title"": null, ""contact"": null}",,"{""salary_low"": null, ""salary_high"": null, ""salary_currency"": null, ""salary_low_usd"": null, ""salary_high_usd"": null, ""salary_time_unit"": null}",mid_senior,closed,[],Campus Hiring SBY - HC Operation Staff - PMP,HC Operation Staff,https://career.astra.co.id/lowongan/lowongan-detail-page/14565/Campus%20Hiring%20SBY%20-%20HC%20Operation%20Staff%20-%20PMP
astra.co.id,"[""human_resources"", ""internship""]",astra.co.id,"[""internship""]","### Executive Development Intern - AIHO

PT Astra International Tbk - Head Office

Human Capital

Lulusan Baru/Mahasiswa

Batas Lamar: 30 Januari 2027

### Deskripsi Pekerjaan

* Mendukung persiapan pelaksanaan event Executive Development, Assessment, Planning Cycle, & Appreciation Day
* Membuat design poster

### Persyaratan

* Khusus bagi penyandang disabilitas
* Mahasiswa S1 aktif minimal semester 4 dari jurusan Manajemen / Administrasi / Lainnya
* Memiliki ketekunan, kemampuan manajemen waktu yang baik, detail-oriented dalam menyelesaikan tugas, dan mampu berkomunikasi serta bekerja sama dengan baik dalam tim
",2026-07-14T22:16:52Z,5f832f15-1c12-4c96-83a3-64a967dbe2d5,id,2026-07-30T02:55:27Z,2026-07-27T02:08:27Z,"Lamar, Colorado, United States, Northern America, Americas","[{""city"": ""Lamar"", ""state"": ""Colorado"", ""zip_code"": null, ""country"": ""United States"", ""region"": ""Northern America"", ""continent"": ""Americas"", ""fuzzy_match"": false}]",Executive Development Intern - AIHO,"{""code"": ""11-3131.00"", ""family"": ""Management"", ""occupation_name"": ""Training and Development Managers""}",,"{""name"": null, ""title"": null, ""contact"": null}",,"{""salary_low"": null, ""salary_high"": null, ""salary_currency"": null, ""salary_low_usd"": null, ""salary_high_usd"": null, ""salary_time_unit"": null}",junior,closed,"[""Internship""]",Executive Development Intern - AIHO,Executive Development Intern - AIHO,https://career.astra.co.id/lowongan/lowongan-detail-page/14575/Executive%20Development%20Intern%20-%20AIHO
astra.co.id,"[""engineering"", ""operations""]",astra.co.id,"[""full_time""]","### Campus Hiring SBY - Facility Maintenance & Docking Staff - PMP

Production and Manufacturing

Semua

Batas Lamar : 30 September 2026

Lowongan / Detail pekerjaan

### Campus Hiring SBY - Facility Maintenance & Docking Staff - PMP

PT Patria Maritim Perkasa

Production and Manufacturing

Semua

Batas Lamar: 30 September 2026

### Deskripsi Pekerjaan

1. Mengelola dan memastikan kesiapan fasilitas galangan serta infrastruktur docking untuk mendukung kegiatan perbaikan kapal dan operasi dry docking.
2. Melaksanakan kegiatan preventive dan corrective maintenance terhadap sistem dock, termasuk docking block, sistem pompa, crane, utilitas, serta peralatan pendukung lainnya.
3. Mengkoordinasikan aktivitas docking dan undocking kapal agar kapal dapat diposisikan secara aman dan tepat sesuai docking plan serta prosedur operasional galangan.
4. Melakukan inspeksi dan monitoring rutin terhadap fasilitas galangan untuk mengidentifikasi potensi kerusakan serta memastikan fasilitas memenuhi standar keselamatan dan operasional.
5. Mendukung kelancaran proyek ship repair dengan memastikan ketersediaan layanan fasilitas seperti pasokan listrik, compressed air, sistem air, serta peralatan workshop.
6. Melakukan troubleshooting terhadap permasalahan teknis terkait operasi fasilitas, sistem mekanikal, dan peralatan dock guna meminimalkan downtime selama proses perbaikan kapal.
7. Memastikan seluruh aktivitas maintenance dan docking berjalan sesuai dengan regulasi HSE, kebijakan galangan, serta persyaratan klasifikasi kapal.
8. Menyusun dokumentasi dan laporan terkait aktivitas perawatan fasilitas, performa peralatan, serta catatan operasional docking.
9. Berkolaborasi dengan tim produksi, engineering, dan project untuk memastikan ketersediaan fasilitas sejalan dengan timeline proyek ship repair.
10. Mendukung penerapan continuous improvement guna meningkatkan keandalan fasilitas, efisiensi docking, dan performa operasional galangan secara keseluruhan.

### Persyaratan

1. **Pendidikan Minimal S1 dari jurusan:**a. Teknik Mesin   
   b. Teknik Elektro   
   c. Teknik Perkapalan / Teknik Kelautan   
   d. Teknik Industri atau bidang teknik lain yang relevan
2. **Sertifikasi tambahan terkait maintenance, crane operation, atau docking system menjadi nilai tambah.**
3. **Pengalaman Kerja Minimal 1 tahun pengalaman di bidang:**  
   a. Facility Management di industri berat   
   b. Maintenance system (preventive & corrective)   
   c. Docking Operation di galangan kapal   
   d. Ship Repair atau Shipyard Operation   
   e. Pengalaman menangani dry dock atau floating dock menjadi keunggulan.
4. **Keahlian: Memahami sistem dan infrastruktur galangan kapal, termasuk:**  
   a. Docking block arrangement   
   b. Sistem pompa dan ballast dock   
   c. Crane, lifting equipment, dan workshop tools   
   d. Utilitas galangan (listrik, air, compressed air)
5. **Menguasai konsep maintenance, meliputi:**  
   a. Preventive maintenance planning   
   b. Corrective maintenance execution   
   c. Equipment reliability dan downtime control   
   d. Memahami prosedur docking dan undocking kapal  
   e. Docking plan implementation",2026-07-14T22:16:52Z,8b647c3e-46d9-40a7-bdaa-120ba5030e94,id,2026-07-24T01:19:48Z,2026-07-21T00:37:04Z,"Lamar, Colorado, United States, Northern America, Americas","[{""city"": ""Lamar"", ""state"": ""Colorado"", ""zip_code"": null, ""country"": ""United States"", ""region"": ""Northern America"", ""continent"": ""Americas"", ""fuzzy_match"": false}]",Facility Maintenance & Docking Staff,"{""code"": ""37-2011.00"", ""family"": ""Building and Grounds Cleaning and Maintenance"", ""occupation_name"": ""Janitors and Cleaners, Except Maids and Housekeeping Cleaners""}",,"{""name"": null, ""title"": null, ""contact"": null}",,"{""salary_low"": null, ""salary_high"": null, ""salary_currency"": null, ""salary_low_usd"": null, ""salary_high_usd"": null, ""salary_time_unit"": null}",junior,closed,[],Campus Hiring SBY - Facility Maintenance & Docking Staff - PMP,Facility Maintenance & Docking Staff,https://career.astra.co.id/lowongan/lowongan-detail-page/14564/Campus%20Hiring%20SBY%20-%20Facility%20Maintenance%20&%20Docking%20Staff%20-%20PMP
astra.co.id,"[""marketing"", ""operations""]",astra.co.id,"[""full_time""]","### Campus Hiring SBY - Ship Building Marketing Operation Staff - PMP

PT Patria Maritim Perkasa

Marketing

Semua

Batas Lamar: 30 September 2026

### Deskripsi Pekerjaan

1. Bertanggungjawab untuk mengelola aktivitas Sales ship Building, Customer Relation, Pricing Strategi, Koordinasi Project untuk memaksimalkan Revenue Perusahaan dan Daya Saing Market.
2. Melakukan analisis prediktif dan peramalan (forecasting) secara berkala untuk membantutim mencapai target.
3. Memastikan komunikasi yang lancar antara klien dan tim internal sekaligus mengoptimalkanefisiensi operasional

### Persyaratan

1. Pendidikan Minimal S1 dari jurusan:  
   a. Teknik Perkapalan  
   b. Teknik Industri
2. Pengalaman Minimal 1 tahun pengalaman di bidang:  
   a. Marketing Operation  
   b. Sales Support / Commercial   
   c. Bisnis Ship Building / Galangan Kapal   
   d. Industri jasa maritim atau industri berat.
3. Pengalaman menangani hubungan pelanggan serta aktivitas komersial berbasis proyek sangat diutamakan.
4. Keahlian Memahami lingkungan bisnis ship repair dan galangan kapal, termasuk:   
   a. Siklus proyek docking dan building  
   b. Jenis layanan maritim serta kendala operasional galangan   
   c. Praktik komersial di industri maritim   
   d. Familiar dengan Proses tender dan penyusunan quotation   
   e. Strategi pricing dan optimalisasi revenue.   
   f. Administrasi kontrak serta dokumentasi komersial

### Tentang Perusahaan

#### PT Patria Maritim Perkasa

PT. Patria Maritim Perkasa is a subsidiary of PT. United Tractors Pandu Engineering (UTPE) under the Astra Heavy Equipment, Mining, Construction Energy (AHEMCE) business group. Established with a strong commitment to advancing Indonesia's maritime industry, PT. Patria Maritim Perkasa focuses on th...

#### Alamat Kantor

#### Industri

AHEMCE

#### Website

https://www.patriashipyard.com/en/overview",2026-07-14T10:12:22Z,92245b17-981d-4592-b40e-5b6b864129fd,id,2026-07-25T17:47:07Z,2026-07-22T17:11:30Z,"Lamar, Colorado, United States, Northern America, Americas","[{""city"": ""Lamar"", ""state"": ""Colorado"", ""zip_code"": null, ""country"": ""United States"", ""region"": ""Northern America"", ""continent"": ""Americas"", ""fuzzy_match"": false}]",Ship Building Marketing Operation Staff,"{""code"": ""43-9061.00"", ""family"": ""Office and Administrative Support"", ""occupation_name"": ""Office Clerks, General""}",,"{""name"": null, ""title"": null, ""contact"": null}",,"{""salary_low"": null, ""salary_high"": null, ""salary_currency"": null, ""salary_low_usd"": null, ""salary_high_usd"": null, ""salary_time_unit"": null}",junior,closed,[],Campus Hiring SBY - Ship Building Marketing Operation Staff - PMP,Ship Building Marketing Operation Staff,https://career.astra.co.id/lowongan/lowongan-detail-page/14568/Campus%20Hiring%20SBY%20-%20Ship%20Building%20Marketing%20Operation%20Staff%20-%20PMP
astra.co.id,"[""engineering""]",astra.co.id,"[""full_time""]","### Campus Hiring SBY - Technical Support Junior Associate - UTPE

United Tractors Pandu Engineering

Engineering

Lulusan Baru/Mahasiswa

Batas Lamar: 30 September 2026

### Deskripsi Pekerjaan

* Menyusun, update, dan memastikan akurasi product manual (part book & OMM), termasuk pembuatan dan standardisasi part number.
* Melakukan create, update, dan assignment proses pada BOM serta memastikan sinkronisasi data lintas departemen melalui reporting bersama.
* Membuat, menginput, dan mengelola material master di SAP (termasuk berbagai parameter seperti MRP, WM, costing), serta update laporan harian.
* Menangani blocking/unblocking material, pengelolaan kamus part number, serta problem solving terkait duplikasi atau error data.
* Membuat production version berdasarkan routing, serta mendukung koordinasi lintas fungsi (engineering, warehouse, IT, dll).

### Persyaratan

* Pendidikan minimal D3 Teknik Mesin (atau jurusan terkait)
* Mampu mengelola material master, BOM, dan data produksi dalam sistem SAP
* Terampil dalam pengolahan, updating, dan reporting data (termasuk Google Sheets)
* Menguasai standard drawing, komponen, serta sistem part number
* Mampu menangani isu seperti duplikasi data, error sistem, dan menjaga akurasi data
* Proaktif, drive tinggi, serta mampu berpikir end-to-end (memahami impact ke proses berikutnya)

### Tentang Perusahaan

#### United Tractors Pandu Engineering

PT United Tractors Pandu Engineering through its brand, PATRiA was established in February 8, 1983. It was initially built to meet the increasing demand of industries development in Indonesia. As one of Indonesia's leading company in heavy equipment manufacturing engineering, PATRiA provides solut...

#### Alamat Kantor

Jl Jababeka XI Blok H 30 sd 40 Kawasan Industri Jababeka Cikarang 17530 Indonesia

#### Industri

AHEMCE

#### Website

https://www.patria.co.id/",2026-07-14T10:12:22Z,7ff62736-6d19-4a0d-b2e0-fe9009ff4d81,en,2026-07-23T17:34:20Z,2026-07-22T13:19:16Z,"Indonesia, South-eastern Asia, Asia","[{""city"": null, ""state"": null, ""zip_code"": null, ""country"": ""Indonesia"", ""region"": ""South-eastern Asia"", ""continent"": ""Asia"", ""fuzzy_match"": false}]",Technical Support Associate,"{""code"": ""25-9044.00"", ""family"": ""Educational Instruction and Library"", ""occupation_name"": ""Teaching Assistants, Postsecondary""}",,"{""name"": null, ""title"": null, ""contact"": null}",,"{""salary_low"": null, ""salary_high"": null, ""salary_currency"": null, ""salary_low_usd"": null, ""salary_high_usd"": null, ""salary_time_unit"": null}",junior,closed,[],Campus Hiring SBY - Technical Support Junior Associate - UTPE,,https://career.astra.co.id/lowongan/lowongan-detail-page/14574/Campus%20Hiring%20SBY%20-%20Technical%20Support%20Junior%20Associate%20-%20UTPE
astra.co.id,"[""sales""]",astra.co.id,"[""full_time""]","### Campus Hiring SBY - Business Consultant Ship Building - PMP

PT Patria Maritim Perkasa

Sales

Semua

Batas Lamar: 30 September 2026

### Deskripsi Pekerjaan

1. Membuat Perencanaan Strategi Penjualan
2. Menganalisis data historis penjualan dan target pemasaran.
3. Melaksanakan penawaran produk sesuai dengan target penjualan tahunan, bulanan, dan mingguan.
4. Menindaklanjuti permintaan pelanggan berdasarkan PO/SO/SRO.

### Persyaratan

1. Pendidikan Minimal S1 dari jurusan:  
   a. Teknik Perkapalan   
   b. Marketing atau bidang lain yang relevan
2. Pendidikan tambahan atau sertifikasi di bidang sales strategy & business development, menjadi nilai tambah.
3. Pengalaman Kerja Minimal 1 tahun pengalaman di bidang:   
   a. Business Consulting   
   b. Sales & Marketing Strategy   
   c. Business Development
4. Pengalaman dalam menyusun strategi penjualan dan menangani pelanggan korporasi sangat diutamakan.
5. Skill: Memahami proses perencanaan dan implementasi strategi penjualan untuk mencapai target bisnis.
6. Mampu menganalisis data penjualan dan pemasaran, termasuk:   
   a. Data historis penjualan   
   b. Tren pasar dan forecasting   
   c. Evaluasi pencapaian target tahunan, bulanan, dan mingguan
7. Terbiasa dengan Penawaran produk dan pricing, termasuk :   
   a. Product offering and pricing proposals    
   b. Purchase Order (PO)    
   c. Sales Order (SO)    
   d. Service Request Order (SRO) atau permintaan pelanggan lainnya    
   e. Memahami customer journey serta prinsip customer relationship management.    
   f. Strong analytical skills untuk pengolahan data dan penyusunan rekomendasi strategi.    
   g. Kemampuan komunikasi dan presentasi yang baik untuk menawarkan produk dan meyakinkan pelanggan.    
   h. Negotiation skill dan customer handling yang kuat.",2026-07-14T10:12:22Z,07a6cc0e-fa6c-4da3-bd46-1875e480ece6,id,2026-07-23T17:36:52Z,2026-07-22T13:19:16Z,"Lamar, Colorado, United States, Northern America, Americas","[{""city"": ""Lamar"", ""state"": ""Colorado"", ""zip_code"": null, ""country"": ""United States"", ""region"": ""Northern America"", ""continent"": ""Americas"", ""fuzzy_match"": false}]",Business Consultant Ship Building,"{""code"": ""43-4081.00"", ""family"": ""Office and Administrative Support"", ""occupation_name"": ""Hotel, Motel, and Resort Desk Clerks""}",,"{""name"": null, ""title"": null, ""contact"": null}",,"{""salary_low"": null, ""salary_high"": null, ""salary_currency"": null, ""salary_low_usd"": null, ""salary_high_usd"": null, ""salary_time_unit"": null}",junior,closed,"[""Business Development""]",Campus Hiring SBY - Business Consultant Ship Building - PMP,Business Consultant Ship Building,https://career.astra.co.id/lowongan/lowongan-detail-page/14571/Campus%20Hiring%20SBY%20-%20Business%20Consultant%20Ship%20Building%20-%20PMP
astra.co.id,"[""engineering""]",astra.co.id,"[""full_time""]","### Campus Hiring SBY - Field Officer - PML

Engineering

Lulusan Baru/Mahasiswa

Batas Lamar : 30 September 2026

Lowongan / Detail pekerjaan

### Campus Hiring SBY - Field Officer - PML

PT Patria Maritime Lines

Engineering

Lulusan Baru/Mahasiswa

Batas Lamar: 30 September 2026

### Deskripsi Pekerjaan

* Memastikan kapal berlayar dan beroperasi dengan aman sesuai rencana.
* Berkoordinasi dengan Nautical HO terkait instruksi dan kesiapan keberangkatan kapal.
* Memberikan update posisi, progres operasi, dan isu operasional kepada Operation HO.
* Melakukan komunikasi dengan pihak eksternal terkait operasional dan survey kapal.
* Berkoordinasi dengan Bunkering Analyst untuk aktivitas survey bunker.
* Mendampingi survey kapal TC bersama Nautical HO.
* Memantau perawatan & perbaikan kapal, termasuk proses docking.
* Menyusun laporan dan rekomendasi docking kepada Technical HO.
* Memastikan maintenance kapal berjalan baik dan kebutuhan kapal terpenuhi.

### Persyaratan

* Lulusan D3 Teknik Listrik Perkapalan, Teknik Mesin Perkapalan, Teknik Perkapalan.
* Memiliki pengalaman yang sesuai dibidangnya.
* Bersedia ditempatkan di Jakarta, Banjarmasin atau Sulawesi.
* Memiliki pengalaman di industri perkapalan khususnya di bidang operasional kapal, maintenance, atau manajemen teknis.
* Pengalaman memimpin tim teknis dan operasional kapal.
* Memiliki pengetahuan seputar kelistrikan di kapal.
* Berpengalaman dalam pengawasan docking, perawatan, dan perbaikan kapal.
* Memahami manajemen risiko dan keselamatan operasional kapal.",2026-07-14T10:12:22Z,c46552e4-f522-4149-b1f7-35159a29cf51,id,2026-07-23T17:34:36Z,2026-07-20T15:29:22Z,"Indonesia, South-eastern Asia, Asia","[{""city"": null, ""state"": null, ""zip_code"": null, ""country"": ""Indonesia"", ""region"": ""South-eastern Asia"", ""continent"": ""Asia"", ""fuzzy_match"": false}]",Field Officer,"{""code"": ""33-3051.00"", ""family"": ""Protective Service"", ""occupation_name"": ""Police and Sheriff's Patrol Officers""}",,"{""name"": null, ""title"": null, ""contact"": null}",,"{""salary_low"": null, ""salary_high"": null, ""salary_currency"": null, ""salary_low_usd"": null, ""salary_high_usd"": null, ""salary_time_unit"": null}",junior,closed,[],Campus Hiring SBY - Field Officer - PML,Field Officer,https://career.astra.co.id/lowongan/lowongan-detail-page/14544/Campus%20Hiring%20SBY%20-%20Field%20Officer%20-%20PML
astra.co.id,"[""engineering""]",astra.co.id,"[""full_time""]","### Campus Hiring SBY - Prototyping & Testing Engineer - UTPE

Engineering

Lulusan Baru/Mahasiswa

Batas Lamar : 30 September 2026

Lowongan / Detail pekerjaan

### Campus Hiring SBY - Prototyping & Testing Engineer - UTPE

United Tractors Pandu Engineering

Engineering

Lulusan Baru/Mahasiswa

Batas Lamar: 30 September 2026

### Deskripsi Pekerjaan

* Merencanakan dan melaksanakan proses pembuatan unit prototype untuk produk yang sedang dikembangkan.
* Menangani proses prototyping secara end-to-end, meliputi perakitan, modifikasi, penyempurnaan, hingga kesiapan uji.
* Merancang dan menyediakan alat bantu/jig/fixture yang dibutuhkan dalam proses prototyping dan testing.
* Melaksanakan proses testing terhadap prototype, komponen, dan material hasil research untuk memastikan kesesuaian dengan standar dan spesifikasi yang ditetapkan.
* Menganalisis hasil pengujian, mengidentifikasi potensi risiko atau kegagalan, serta memberikan rekomendasi perbaikan desain.
* Menyusun dokumentasi teknis terkait proses prototyping dan testing.

### Persyaratan

* Pendidikan minimal S1 Teknik Mesin.
* Memiliki pemahaman proses prototyping, perakitan, dan pengujian produk (fresh graduate dipersilakan dengan pengalaman magang relevan).
* Mampu membaca gambar teknik dan memahami spesifikasi produk.
* Memiliki kemampuan analisis masalah dan komunikasi yang baik.
* Bersedia bekerja di area workshop/lab dan mengikuti dinamika project.

### Tentang Perusahaan

#### United Tractors Pandu Engineering

PT United Tractors Pandu Engineering through its brand, PATRiA was established in February 8, 1983. It was initially built to meet the increasing demand of industries development in Indonesia. As one of Indonesia's leading company in heavy equipment manufacturing engineering, PATRiA provides solut...

#### Alamat Kantor

Jl Jababeka XI Blok H 30 sd 40 Kawasan Industri Jababeka Cikarang 17530 Indonesia

#### Industri

AHEMCE

#### Website

https://www.patria.co.id/

Lihat Detail Perusahaan",2026-07-14T10:12:22Z,8e53ea4b-8737-49e1-828f-4b240b625f02,id,2026-07-23T17:36:58Z,2026-07-22T13:19:16Z,"Indonesia, South-eastern Asia, Asia","[{""city"": null, ""state"": null, ""zip_code"": null, ""country"": ""Indonesia"", ""region"": ""South-eastern Asia"", ""continent"": ""Asia"", ""fuzzy_match"": false}]",Prototyping & Testing Engineer,"{""code"": ""25-9044.00"", ""family"": ""Educational Instruction and Library"", ""occupation_name"": ""Teaching Assistants, Postsecondary""}",,"{""name"": null, ""title"": null, ""contact"": null}",,"{""salary_low"": null, ""salary_high"": null, ""salary_currency"": null, ""salary_low_usd"": null, ""salary_high_usd"": null, ""salary_time_unit"": null}",junior,closed,[],Campus Hiring SBY - Prototyping & Testing Engineer - UTPE,Prototyping & Testing Engineer,https://career.astra.co.id/lowongan/lowongan-detail-page/14573/Campus%20Hiring%20SBY%20-%20Prototyping%20&%20Testing%20Engineer%20-%20UTPE
astra.co.id,"[""operations"", ""purchasing""]",astra.co.id,"[""full_time""]","### Campus Hiring SBY - Purchasing & Importing Associate - TRIATRA

PT Triatra Sinergia Pratama

Supply Chain

Lulusan Baru/Mahasiswa

Batas Lamar: 30 September 2026

### Deskripsi Pekerjaan

1. Price & Purchase Management: Mengelola negosiasi harga item non-kontrak, pembaruan kontrak harga, serta monitoring proses purchasing dari PRPO hingga back order ke principal/vendor.
2. Inventory & Vendor Performance Monitoring:Melakukan monitoring SOH principal, update part number, serta memantau performa vendor melalui indikator OTIF (VMI & Non-VMI).
3. Account Payable & Claim Management: Mengajukan dan merekonsiliasi pembayaran vendor (CL, TT, LC), serta melakukan monitoring dan follow-up klaim hingga terselesaikan.
4. ExportImport & Kepabeanan: ManagementMengatur dan memonitor pengiriman eksporimpor, mengurus perizinan Ex-Im, melakukan pengecekan dokumen kepabeanan (PIBPEB), monitoring quotation impor, serta menyusun perencanaan pembayaran bea masuk.
5. Data Analysis & PMHD Support: Mengelola dan menganalisis data Parts Maintenance Help Desk (PMHD) sebagai dasar pengambilan keputusan purchasing dan inventory.

### Persyaratan

1. Minimal S1 jurusan Supply Chain Management, Manajemen, Teknik Industri, International Relations, atau jurusan relevan.
2. Memiliki pengalaman 1-3 tahun di bidang Purchasing, Importation, Supply Chain, atau Logistics.
3. Memiliki sertifikasi kepabeanan (PPJK / Kepabeanan / Ex-Im Certification) dan memahami proses PIB, PEB, HS Code, Bea Masuk, serta regulasi eksporimpor.
4. Mampu melakukan negosiasi vendor, monitoring multi-proses, serta terbiasa menggunakan ERP/SAP dan Microsoft Excel
5. Memiliki kemampuan Bahasa Inggris aktif, teliti, komunikatif, proaktif, serta mampu bekerja lintas fungsi dan di bawah tekanan deadline.

### Tentang Perusahaan

#### PT Triatra Sinergia Pratama

Triatra Sinergia Pratama, a member of Astra and a subsidiary of United Tractors Pandu Engineering, is dedicated to advancing businesses through unparalleled service and innovative engineering solutions.Our overarching mission is to cultivate sustainable added value and optimize customer productivity...

#### Alamat Kantor

#### Industri

AHEMCE

#### Website

https://triatra.co.id/",2026-07-14T10:12:22Z,6c8937dc-93c1-4d96-8612-fbd65aca1491,id,2026-07-23T17:34:06Z,2026-07-20T15:29:52Z,,[],Purchasing & Importing Associate,"{""code"": ""13-1021.00"", ""family"": ""Business and Financial Operations"", ""occupation_name"": ""Buyers and Purchasing Agents, Farm Products""}",,"{""name"": null, ""title"": null, ""contact"": null}",,"{""salary_low"": null, ""salary_high"": null, ""salary_currency"": null, ""salary_low_usd"": null, ""salary_high_usd"": null, ""salary_time_unit"": null}",mid_senior,closed,[],Campus Hiring SBY - Purchasing & Importing Associate - TRIATRA,Purchasing & Importing Associate,https://career.astra.co.id/lowongan/lowongan-detail-page/14541/Campus%20Hiring%20SBY%20-%20Purchasing%20&%20Importing%20Associate%20-%20TRIATRA
astra.co.id,"[""finance""]",astra.co.id,"[""full_time""]","### Campus Hiring SBY - Tax Associate - TRIATRA

PT Triatra Sinergia Pratama

Accounting and Tax

Lulusan Baru/Mahasiswa

Batas Lamar: 30 September 2026

### Deskripsi Pekerjaan

1. Memproses PPh (PPh 21, 23, Pasal 4 ayat 2, dan PPh 25), termasuk kontrol dokumen dan rekonsiliasi data pajak dengan sistem (SAP).
2. Mengelola PPN Masukan dan Keluaran (VAT In & Out) mulai dari validasi faktur pajak, input data, hingga rekonsiliasi dan monitoring pembayaran.
3. Memonitor transaksi perpajakan di seluruh site, memastikan kepatuhan pajak, serta mengelola dan memperbarui database vendor (NPWP, PKP, SKB).
4. Menyusun laporan pajak (PPh & PPN), melakukan pelaporan melalui e-SPT, serta menyiapkan data untuk kebutuhan audit internal dan eksternal.
5. Mengelola dokumen perpajakan (filling, bukti potong), memastikan kelengkapan dan kerapihan dokumen, serta melakukan update data pajak (kurs pajak di sistem).
6. Mendukung proses pemeriksaan pajak dan komunikasi dengan pihak terkait, serta berkontribusi dalam peningkatan

### Persyaratan

1. Minimal S1 Akuntansi dengan pemahaman perpajakan Indonesia (PPh & PPN).
2. Fresh graduate hingga 1 tahun pengalaman di bidang Accounting/Tax (pengalaman internship menjadi nilai tambah).
3. Memahami proses pengolahan, rekonsiliasi, dan pelaporan pajak (termasuk e-SPT), Brevet A & B menjadi nilai tambah.
4. Mampu menggunakan Microsoft Excel untuk pengolahan data, familiar dengan sistem ERP seperti SAP menjadi nilai tambah.
5. Teliti, detail terhadap angka, serta memiliki kemampuan analisis dan problem solving yang baik.
6. Memiliki integritas tinggi, mampu bekerja dengan deadline, komunikatif, adaptif terhadap perubahan, serta memiliki inisiatif untuk improvement.

### Tentang Perusahaan

#### PT Triatra Sinergia Pratama

Triatra Sinergia Pratama, a member of Astra and a subsidiary of United Tractors Pandu Engineering, is dedicated to advancing businesses through unparalleled service and innovative engineering solutions.Our overarching mission is to cultivate sustainable added value and optimize customer productivity...",2026-07-14T10:12:22Z,c7434dc9-107a-4fa2-b03a-853b93ad9a01,id,2026-07-17T11:46:04Z,2026-07-14T11:02:15Z,,[],TAX Associate,"{""code"": ""13-2081.00"", ""family"": ""Business and Financial Operations"", ""occupation_name"": ""Tax Examiners and Collectors, and Revenue Agents""}",,"{""name"": null, ""title"": null, ""contact"": null}",,"{""salary_low"": null, ""salary_high"": null, ""salary_currency"": null, ""salary_low_usd"": null, ""salary_high_usd"": null, ""salary_time_unit"": null}",junior,closed,[],Campus Hiring SBY - Tax Associate - TRIATRA,Tax Associate,https://career.astra.co.id/lowongan/lowongan-detail-page/14540/Campus%20Hiring%20SBY%20-%20Tax%20Associate%20-%20TRIATRA
astra.co.id,"[""engineering""]",astra.co.id,"[""full_time""]","### Campus Hiring SBY - Design Engineer - UTPE

Engineering

Lulusan Baru/Mahasiswa

Batas Lamar : 30 September 2026

Lowongan / Detail pekerjaan

### Campus Hiring SBY - Design Engineer - UTPE

United Tractors Pandu Engineering

Engineering

Lulusan Baru/Mahasiswa

Batas Lamar: 30 September 2026

### Deskripsi Pekerjaan

* Membuat desain produk mekanikal secara lengkap, detail, dan sesuai dengan spesifikasi teknis.
* Memastikan desain produk dapat diproduksi (manufacturable) dan memenuhi kebutuhan customer dengan mempertimbangkan aspek kualitas, waktu, dan biaya.
* Menyusun dan memperbarui gambar teknik, spesifikasi, dan dokumentasi desain produk.
* Berkolaborasi dengan tim engineering, produksi, dan pihak terkait untuk memastikan kelancaran proses pengembangan produk.
* Melakukan evaluasi dan perbaikan desain untuk mendukung continuous improvement produk.

### Persyaratan

* Pendidikan minimal S1 Teknik Mesin.
* Mampu menggunakan software desain 3D (diutamakan SolidWorks).
* Memiliki kemampuan Finite Element Analysis (FEA) menjadi nilai tambah.
* Memiliki kemampuan komunikasi yang baik, fast learner, dan proaktif.
* Mampu bekerja secara mandiri maupun dalam tim serta memiliki perhatian tinggi terhadap detail.

### Tentang Perusahaan

#### United Tractors Pandu Engineering

PT United Tractors Pandu Engineering through its brand, PATRiA was established in February 8, 1983. It was initially built to meet the increasing demand of industries development in Indonesia. As one of Indonesia's leading company in heavy equipment manufacturing engineering, PATRiA provides solut...

#### Alamat Kantor

Jl Jababeka XI Blok H 30 sd 40 Kawasan Industri Jababeka Cikarang 17530 Indonesia

#### Industri

AHEMCE

#### Website

https://www.patria.co.id/",2026-07-14T10:12:22Z,dbe17af3-1c8f-4a30-b07c-a4f0376efdfc,id,2026-07-23T17:34:52Z,2026-07-22T13:19:16Z,"Indonesia, South-eastern Asia, Asia","[{""city"": null, ""state"": null, ""zip_code"": null, ""country"": ""Indonesia"", ""region"": ""South-eastern Asia"", ""continent"": ""Asia"", ""fuzzy_match"": false}]",Design Engineer,"{""code"": ""17-2061.00"", ""family"": ""Architecture and Engineering"", ""occupation_name"": ""Computer Hardware Engineers""}",,"{""name"": null, ""title"": null, ""contact"": null}",,"{""salary_low"": null, ""salary_high"": null, ""salary_currency"": null, ""salary_low_usd"": null, ""salary_high_usd"": null, ""salary_time_unit"": null}",junior,closed,[],Campus Hiring SBY - Design Engineer - UTPE,Design Engineer,https://career.astra.co.id/lowongan/lowongan-detail-page/14572/Campus%20Hiring%20SBY%20-%20Design%20Engineer%20-%20UTPE
astra.co.id,"[""engineering""]",astra.co.id,"[""full_time""]","### Campus Hiring SBY - Quality Inspector - PMP

PT Patria Maritim Perkasa

Engineering

Semua

Batas Lamar: 30 September 2026

### Deskripsi Pekerjaan

1. Melakukan perencanaan dan pengendalian kualitas produk serta memastikan kesesuaian alur proses produksi dengan standar yang berlaku.
2. Melaksanakan inspeksi lapangan terhadap pekerjaan konstruksi kapal, termasuk struktur dan pengelasan, untuk memastikan kesesuaian dengan spesifikasi teknis dan gambar kerja.
3. Melakukan pemeriksaan menggunakan alat ukur yang relevan sesuai standar inspeksi.
4. Menganalisis temuan ketidaksesuaian, termasuk kerusakan struktural, serta memberikan rekomendasi teknis terkait perbaikan dan penggantian material.
5. Menyusun laporan hasil inspeksi secara akurat dan melakukan rekapitulasi data kualitas.
6. Melaksanakan administrasi terkait dokumentasi mutu dan memastikan seluruh dokumen terdokumentasi dengan baik.

### Persyaratan

1. Pendidikan minimal D3 Teknik Perkapalan, Sistem Perkapalan, Teknik Pengelasan, atau jurusan terkait.
2. Fresh Graduate atau maksimal 2 tahun pengalaman di galangan kapal.
3. Memahami aturan konstruksi kapal dan standar kualitas.
4. Mampu melakukan inspeksi teknis serta menggunakan alat ukur.
5. Mampu menyusun laporan inspeksi.
6. Memiliki kemampuan komunikasi yang baik.

### Tentang Perusahaan

#### PT Patria Maritim Perkasa

PT. Patria Maritim Perkasa is a subsidiary of PT. United Tractors Pandu Engineering (UTPE) under the Astra Heavy Equipment, Mining, Construction Energy (AHEMCE) business group. Established with a strong commitment to advancing Indonesia's maritime industry, PT. Patria Maritim Perkasa focuses on th...

#### Alamat Kantor

#### Industri

AHEMCE

#### Website

https://www.patriashipyard.com/en/overview",2026-07-14T10:12:22Z,a140973b-bfde-4d1e-8c9b-52e4ca78fd0b,id,2026-07-23T17:34:24Z,2026-07-20T15:29:46Z,"Lamar, Colorado, United States, Northern America, Americas","[{""city"": ""Lamar"", ""state"": ""Colorado"", ""zip_code"": null, ""country"": ""United States"", ""region"": ""Northern America"", ""continent"": ""Americas"", ""fuzzy_match"": false}]",Quality Inspector,"{""code"": ""51-9061.00"", ""family"": ""Production"", ""occupation_name"": ""Inspectors, Testers, Sorters, Samplers, and Weighers""}",,"{""name"": null, ""title"": null, ""contact"": null}",,"{""salary_low"": null, ""salary_high"": null, ""salary_currency"": null, ""salary_low_usd"": null, ""salary_high_usd"": null, ""salary_time_unit"": null}",junior,closed,[],Campus Hiring SBY - Quality Inspector - PMP,Quality Inspector,https://career.astra.co.id/lowongan/lowongan-detail-page/14567/Campus%20Hiring%20SBY%20-%20Quality%20Inspector%20-%20PMP
astra.co.id,"[""engineering""]",astra.co.id,"[""full_time""]","### Campus Hiring SBY - Part Analyst - PML

Engineering

Lulusan Baru/Mahasiswa

Batas Lamar : 30 September 2026

Lowongan / Detail pekerjaan

### Campus Hiring SBY - Part Analyst - PML

PT Patria Maritime Lines

Engineering

Lulusan Baru/Mahasiswa

Batas Lamar: 30 September 2026

### Deskripsi Pekerjaan

* Melakukan analisa karakteristik transaksional customer sehingga dapat supporting production dan marketing dengan optimal.
* Komunikasi dengan cabang terkait ketika akan ambil stok.
* Membuat STO ketika mengambil stok dari cabang lain.
* Memantau status PO dari PO diterima vendor sampai permintaan relasi.
* Monitor barang dari proses pengiriman dan mencatat status pengiriman

### Persyaratan

* Lulusan D3 Teknik Mesin / Teknik Permesinan Kapal.
* Diutamakan memiliki kompetensi terkait bagian permesinan.
* Kemampuan analisa yang kuat.

### Tentang Perusahaan

#### PT Patria Maritime Lines

Considering the potential business opportunity in coal and other energy transportation industy, which specialize in transportation business, established PT Patria Maritime Lines in 2008. Since November 8 2011, PT Patria Maritime Lines (PML) is fully owned by PT United Tractors Pandu Engineering. We ...

#### Alamat Kantor

#### Industri

AHEMCE

#### Website

https://pml.co.id/

Lihat Detail Perusahaan",2026-07-14T10:12:22Z,996d7c4d-5c13-4946-83b9-6cb3081b157f,id,2026-07-23T17:34:20Z,2026-07-20T15:30:05Z,,[],Part Analyst,"{""code"": ""13-2031.00"", ""family"": ""Business and Financial Operations"", ""occupation_name"": ""Budget Analysts""}",,"{""name"": null, ""title"": null, ""contact"": null}",,"{""salary_low"": null, ""salary_high"": null, ""salary_currency"": null, ""salary_low_usd"": null, ""salary_high_usd"": null, ""salary_time_unit"": null}",junior,closed,[],Campus Hiring SBY - Part Analyst - PML,Part Analyst,https://career.astra.co.id/lowongan/lowongan-detail-page/14543/Campus%20Hiring%20SBY%20-%20Part%20Analyst%20-%20PML
astra.co.id,"[""support""]",astra.co.id,"[""full_time""]","### Campus Hiring SBY - After Sales Support Staff - PMP

Marketing

Semua

Batas Lamar : 30 September 2026

Lowongan / Detail pekerjaan

### Campus Hiring SBY - After Sales Support Staff - PMP

PT Patria Maritim Perkasa

Marketing

Semua

Batas Lamar: 30 September 2026

### Deskripsi Pekerjaan

1. Memberikan dukungan layanan purna jual (after sales support) kepada pelanggan untuk memastikan kepuasan dan keberlanjutan hubungan bisnis.

2. Menangani permintaan pelanggan terkait garansi, klaim, pemeliharaan, perbaikan, serta layanan teknis setelah proyek atau produk diserahterimakan.

3. Berkoordinasi dengan tim Engineering, Production, Quality Control, Project Management, dan Service Team dalam penyelesaian permasalahan pelanggan.

4. Memantau proses penanganan keluhan (customer complaints) dan memastikan penyelesaiannya sesuai dengan Service Level Agreement (SLA) dan standar perusahaan.

5. Menyiapkan dan mengelola dokumentasi after sales, termasuk laporan kunjungan, warranty report, service report, serta dokumentasi klaim pelanggan.

### Persyaratan

1. Pendidikan Memiliki gelar S1 dibidang:  
   a. Teknik Perkapalan   
   b. Teknik Industri.
2. Pengalaman Minimal 1 tahun pengalaman kerja di bidang:   
   a. After Sales Service / Customer Support   
   b. Warranty & Claim Management   
   c. Customer Relation atau Service Operation Pengalaman di industri manufaktur,alat berat, maritim, atau project based business menjadi nilai tambah.
3. Keahlian: Memahami konsep layanan purna jual, termasuk:   
   a. Service Level Agreement (SLA)   
   b. Kebijakan garansi perusahaan   
   c. Proses penanganan komplain dan klaim pelanggan.
4. Mampu melakukan monitoring dan evaluasi kinerja layanan,seperti:  
   a. Complaint ratio   
   b. Response time.
5. Familiar dengan sistem administrasi layanan, dokumentasi klaim,dan pelaporan service performance.

### Tentang Perusahaan

#### PT Patria Maritim Perkasa

PT. Patria Maritim Perkasa is a subsidiary of PT. United Tractors Pandu Engineering (UTPE) under the Astra Heavy Equipment, Mining, Construction Energy (AHEMCE) business group. Established with a strong commitment to advancing Indonesia's maritime industry, PT. Patria Maritim Perkasa focuses on th...",2026-07-14T10:12:22Z,4dbadf00-925f-453f-acd9-b7509aeee519,id,2026-07-23T17:34:33Z,2026-07-21T12:28:21Z,"Lamar, Colorado, United States, Northern America, Americas","[{""city"": ""Lamar"", ""state"": ""Colorado"", ""zip_code"": null, ""country"": ""United States"", ""region"": ""Northern America"", ""continent"": ""Americas"", ""fuzzy_match"": false}]",After Sales Support Staff,"{""code"": ""25-9044.00"", ""family"": ""Educational Instruction and Library"", ""occupation_name"": ""Teaching Assistants, Postsecondary""}",,"{""name"": null, ""title"": null, ""contact"": null}",,"{""salary_low"": null, ""salary_high"": null, ""salary_currency"": null, ""salary_low_usd"": null, ""salary_high_usd"": null, ""salary_time_unit"": null}",junior,closed,[],Campus Hiring SBY - After Sales Support Staff - PMP,After Sales Support Staff,https://career.astra.co.id/lowongan/lowongan-detail-page/14569/Campus%20Hiring%20SBY%20-%20After%20Sales%20Support%20Staff%20-%20PMP
astra.co.id,"[""support"", ""engineering""]",astra.co.id,"[""full_time""]","### Campus Hiring SBY - Technical Support Officer - PMP

PT Patria Maritim Perkasa

Marketing

Semua

Batas Lamar: 30 September 2026

### Deskripsi Pekerjaan

1. Menerima danmencatat pengajuan klaim garansi dari pelanggan.
2. Verifikasistatus garansi unit.
3. ontrolInvestigation and Technical Analysis.
4. ControlChecking Unit and Closing Job (Final Check and Deliver Unit)

### Persyaratan

1. Pendidikan Minimal S1 dari jurusan:   
   a. Teknik Perkapalan / Naval Architecture   
   b. Teknik Mesin   
   c. Teknik Industri atau bidang teknik lain yang relevan.
2. Pengalaman Kerja Minimal 1 tahun pengalaman di bidang:   
   a. Technical Support / After Sales Service   
   b. Warranty Claim Handling   
   c. Quality Control atau Technical Inspection   
   d. Industri shipbuilding, shipyard, manufaktur berat, atau engineering project.
3. Pengalaman dalam menangani investigasi teknis dan proses klaimgaransi menjadi nilai tambah.
4. Keahlian: Memahami proses layanan purna jual khususnya:  
   a. Warranty claim management   
   b. Prosedur verifikasi status garansi unit   
   c. Alur investigasi dan penyelesaian klaim pelanggan.
5. Mampu melakukan kontrol terhadap:   
   a. Investigation process dan technical root cause analysis   
   b. Pemeriksaan kondisi unit serta evaluasi perbaikan   
   c. Final inspection dan closing job sebelum unit diserahkan kembali kepelanggan.
6. Familiar dengan dokumentasi teknis seperti:   
   a. Service report, inspection checklist, warranty documentation   
   b. Technical troubleshooting dan corrective action process
",2026-07-14T10:12:22Z,a18fb997-8baf-458c-8636-eefbaa80f277,id,2026-07-23T17:33:50Z,2026-07-21T12:28:21Z,"Lamar, Colorado, United States, Northern America, Americas","[{""city"": ""Lamar"", ""state"": ""Colorado"", ""zip_code"": null, ""country"": ""United States"", ""region"": ""Northern America"", ""continent"": ""Americas"", ""fuzzy_match"": false}]",Technical Support Officer,"{""code"": ""15-1231.00"", ""family"": ""Computer and Mathematical"", ""occupation_name"": ""Computer Network Support Specialists""}",,"{""name"": null, ""title"": null, ""contact"": null}",,"{""salary_low"": null, ""salary_high"": null, ""salary_currency"": null, ""salary_low_usd"": null, ""salary_high_usd"": null, ""salary_time_unit"": null}",mid_senior,closed,[],Campus Hiring SBY - Technical Support Officer - PMP,Technical Support Officer,https://career.astra.co.id/lowongan/lowongan-detail-page/14570/Campus%20Hiring%20SBY%20-%20Technical%20Support%20Officer%20-%20PMP
